source,target,type,weight,来源
症状_0,证型_8,关联,1.0,
症状_1,证型_8,关联,0.5,
症状_2,证型_8,关联,0.5,
症状_3,证型_8,关联,0.5,
症状_4,证型_8,关联,0.5,
症状_5,证型_8,关联,0.5,
症状_6,证型_8,关联,0.5,
症状_7,证型_8,关联,0.5,
证型_8,方剂_9,治疗,1.0,
方剂_9,中药_10,包含,1.0,
方剂_9,中药_11,包含,1.0,
方剂_9,中药_12,包含,1.0,
方剂_9,中药_13,包含,1.0,
方剂_9,中药_14,包含,1.0,
方剂_9,中药_15,包含,1.0,
方剂_9,中药_16,包含,1.0,
方剂_9,中药_17,包含,1.0,
方剂_9,中药_18,包含,1.0,
方剂_9,中药_19,包含,1.0,
方剂_9,中药_20,包含,1.0,
方剂_9,中药_21,包含,1.0,
方剂_9,中药_22,包含,1.0,
方剂_9,中药_23,包含,1.0,
症状_24,方剂_36,治疗,1.0,
症状_25,方剂_36,治疗,1.0,
方剂_36,中药_37,包含,1.0,
方剂_36,中药_12,包含,1.0,
方剂_36,中药_38,包含,1.0,
方剂_36,中药_11,包含,1.0,
方剂_36,中药_15,包含,1.0,
方剂_36,中药_16,包含,1.0,
症状_39,方剂_71,治疗,1.0,
症状_3,方剂_71,治疗,1.0,
症状_40,方剂_71,治疗,1.0,
方剂_71,中药_12,包含,1.0,
方剂_71,中药_11,包含,1.0,
方剂_71,中药_15,包含,1.0,
方剂_71,中药_13,包含,1.0,
方剂_71,中药_37,包含,1.0,
方剂_71,中药_38,包含,1.0,
方剂_71,中药_16,包含,1.0,
症状_27,证型_86,关联,1.0,
症状_72,证型_86,关联,0.5,
症状_73,证型_86,关联,0.5,
症状_74,证型_86,关联,0.5,
症状_75,证型_86,关联,0.5,
症状_76,证型_86,关联,0.5,
症状_49,证型_86,关联,0.5,
症状_77,证型_86,关联,0.5,
症状_78,证型_86,关联,0.5,
症状_79,证型_86,关联,0.5,
症状_80,证型_86,关联,0.5,
症状_81,证型_86,关联,0.5,
症状_82,证型_86,关联,0.5,
症状_83,证型_86,关联,0.5,
症状_84,证型_86,关联,0.5,
症状_66,证型_86,关联,0.5,
症状_64,证型_86,关联,0.5,
症状_85,证型_86,关联,0.5,
证型_86,方剂_87,治疗,1.0,
方剂_87,中药_10,包含,1.0,
方剂_87,中药_11,包含,1.0,
方剂_87,中药_88,包含,1.0,
方剂_87,中药_13,包含,1.0,
方剂_87,中药_37,包含,1.0,
方剂_87,中药_89,包含,1.0,
方剂_87,中药_90,包含,1.0,
方剂_87,中药_91,包含,1.0,
方剂_87,中药_92,包含,1.0,
方剂_87,中药_18,包含,1.0,
方剂_87,中药_93,包含,1.0,
方剂_87,中药_15,包含,1.0,
方剂_87,中药_16,包含,1.0,
方剂_87,中药_94,包含,1.0,
方剂_87,中药_95,包含,1.0,
症状_96,证型_107,关联,1.0,
症状_97,证型_107,关联,1.0,
症状_98,证型_107,关联,1.0,
症状_99,证型_107,关联,0.5,
症状_100,证型_107,关联,0.5,
症状_77,证型_107,关联,0.5,
症状_101,证型_107,关联,0.5,
症状_102,证型_107,关联,0.5,
症状_103,证型_107,关联,0.5,
症状_104,证型_107,关联,0.5,
症状_105,证型_107,关联,0.5,
症状_106,证型_107,关联,0.5,
症状_68,证型_107,关联,0.5,
症状_62,证型_107,关联,0.5,
证型_107,方剂_108,治疗,1.0,
方剂_108,中药_38,包含,1.0,
方剂_108,中药_11,包含,1.0,
方剂_108,中药_91,包含,1.0,
方剂_108,中药_109,包含,1.0,
方剂_108,中药_90,包含,1.0,
方剂_108,中药_89,包含,1.0,
方剂_108,中药_10,包含,1.0,
方剂_108,中药_110,包含,1.0,
方剂_108,中药_37,包含,1.0,
症状_111,证型_124,关联,1.0,
症状_3,证型_124,关联,1.0,
症状_112,证型_124,关联,1.0,
症状_39,证型_124,关联,1.0,
症状_0,证型_124,关联,1.0,
症状_113,证型_124,关联,0.5,
症状_114,证型_124,关联,0.5,
症状_115,证型_124,关联,0.5,
症状_116,证型_124,关联,0.5,
症状_117,证型_124,关联,0.5,
症状_118,证型_124,关联,0.5,
症状_49,证型_124,关联,0.5,
症状_119,证型_124,关联,0.5,
症状_120,证型_124,关联,0.5,
症状_121,证型_124,关联,0.5,
症状_68,证型_124,关联,0.5,
症状_122,证型_124,关联,0.5,
症状_123,证型_124,关联,0.5,
症状_66,证型_124,关联,0.5,
症状_64,证型_124,关联,0.5,
证型_124,方剂_125,治疗,1.0,
证型_124,方剂_126,治疗,1.0,
方剂_125,中药_127,包含,1.0,
方剂_125,中药_128,包含,1.0,
方剂_125,中药_37,包含,1.0,
方剂_125,中药_129,包含,1.0,
方剂_125,中药_38,包含,1.0,
方剂_125,中药_12,包含,1.0,
方剂_125,中药_130,包含,1.0,
方剂_125,中药_131,包含,1.0,
方剂_125,中药_11,包含,1.0,
方剂_125,中药_132,包含,1.0,
方剂_125,中药_133,包含,1.0,
方剂_125,中药_134,包含,1.0,
方剂_125,中药_135,包含,1.0,
方剂_126,中药_127,包含,1.0,
方剂_126,中药_128,包含,1.0,
方剂_126,中药_37,包含,1.0,
方剂_126,中药_129,包含,1.0,
方剂_126,中药_38,包含,1.0,
方剂_126,中药_12,包含,1.0,
方剂_126,中药_130,包含,1.0,
方剂_126,中药_131,包含,1.0,
方剂_126,中药_11,包含,1.0,
方剂_126,中药_132,包含,1.0,
方剂_126,中药_133,包含,1.0,
方剂_126,中药_134,包含,1.0,
方剂_126,中药_135,包含,1.0,
症状_136,证型_143,关联,1.0,
症状_137,证型_143,关联,1.0,
症状_138,证型_143,关联,0.5,
症状_139,证型_143,关联,0.5,
症状_120,证型_143,关联,0.5,
症状_140,证型_143,关联,0.5,
症状_141,证型_143,关联,0.5,
症状_24,证型_143,关联,0.5,
症状_142,证型_143,关联,0.5,
证型_143,方剂_144,治疗,1.0,
证型_143,方剂_145,治疗,1.0,
方剂_144,中药_89,包含,1.0,
方剂_144,中药_146,包含,1.0,
方剂_144,中药_91,包含,1.0,
方剂_144,中药_147,包含,1.0,
方剂_144,中药_16,包含,1.0,
方剂_144,中药_148,包含,1.0,
方剂_144,中药_37,包含,1.0,
方剂_144,中药_149,包含,1.0,
方剂_144,中药_15,包含,1.0,
方剂_144,中药_150,包含,1.0,
方剂_144,中药_151,包含,1.0,
方剂_144,中药_90,包含,1.0,
方剂_144,中药_152,包含,1.0,
方剂_144,中药_153,包含,1.0,
方剂_144,中药_154,包含,1.0,
方剂_144,中药_155,包含,1.0,
方剂_144,中药_156,包含,1.0,
方剂_144,中药_157,包含,1.0,
方剂_144,中药_158,包含,1.0,
方剂_145,中药_89,包含,1.0,
方剂_145,中药_146,包含,1.0,
方剂_145,中药_91,包含,1.0,
方剂_145,中药_147,包含,1.0,
方剂_145,中药_16,包含,1.0,
方剂_145,中药_148,包含,1.0,
方剂_145,中药_37,包含,1.0,
方剂_145,中药_149,包含,1.0,
方剂_145,中药_15,包含,1.0,
方剂_145,中药_150,包含,1.0,
方剂_145,中药_151,包含,1.0,
方剂_145,中药_90,包含,1.0,
方剂_145,中药_152,包含,1.0,
方剂_145,中药_153,包含,1.0,
方剂_145,中药_154,包含,1.0,
方剂_145,中药_155,包含,1.0,
方剂_145,中药_156,包含,1.0,
方剂_145,中药_157,包含,1.0,
方剂_145,中药_158,包含,1.0,
症状_159,证型_167,关联,1.0,
症状_72,证型_167,关联,0.5,
症状_160,证型_167,关联,0.5,
症状_75,证型_167,关联,0.5,
症状_79,证型_167,关联,0.5,
症状_161,证型_167,关联,0.5,
症状_81,证型_167,关联,0.5,
症状_162,证型_167,关联,0.5,
症状_163,证型_167,关联,0.5,
症状_164,证型_167,关联,0.5,
症状_165,证型_167,关联,0.5,
症状_166,证型_167,关联,0.5,
症状_84,证型_167,关联,0.5,
证型_167,方剂_168,治疗,1.0,
方剂_168,中药_89,包含,1.0,
方剂_168,中药_91,包含,1.0,
方剂_168,中药_90,包含,1.0,
方剂_168,中药_92,包含,1.0,
方剂_168,中药_18,包含,1.0,
方剂_168,中药_93,包含,1.0,
方剂_168,中药_169,包含,1.0,
方剂_168,中药_127,包含,1.0,
方剂_168,中药_146,包含,1.0,
方剂_168,中药_156,包含,1.0,
方剂_168,中药_16,包含,1.0,
方剂_168,中药_37,包含,1.0,
症状_211,证型_220,关联,1.0,
症状_212,证型_220,关联,1.0,
症状_213,证型_220,关联,0.5,
症状_214,证型_220,关联,0.5,
症状_29,证型_220,关联,0.5,
症状_78,证型_220,关联,0.5,
症状_215,证型_220,关联,0.5,
症状_54,证型_220,关联,0.5,
症状_201,证型_220,关联,0.5,
症状_24,证型_220,关联,0.5,
症状_162,证型_220,关联,0.5,
症状_216,证型_220,关联,0.5,
症状_62,证型_220,关联,0.5,
症状_217,证型_220,关联,0.5,
症状_218,证型_220,关联,0.5,
症状_219,证型_220,关联,0.5,
证型_220,方剂_145,治疗,1.0,
方剂_145,中药_13,包含,1.0,
症状_221,方剂_229,治疗,1.0,
症状_221,方剂_230,治疗,1.0,
方剂_229,中药_231,包含,1.0,
方剂_229,中药_37,包含,1.0,
方剂_229,中药_209,包含,1.0,
方剂_229,中药_92,包含,1.0,
方剂_229,中药_232,包含,1.0,
方剂_229,中药_179,包含,1.0,
方剂_229,中药_233,包含,1.0,
方剂_229,中药_192,包含,1.0,
方剂_229,中药_210,包含,1.0,
方剂_229,中药_13,包含,1.0,
方剂_229,中药_18,包含,1.0,
方剂_230,中药_231,包含,1.0,
方剂_230,中药_37,包含,1.0,
方剂_230,中药_209,包含,1.0,
方剂_230,中药_92,包含,1.0,
方剂_230,中药_232,包含,1.0,
方剂_230,中药_179,包含,1.0,
方剂_230,中药_233,包含,1.0,
方剂_230,中药_192,包含,1.0,
方剂_230,中药_210,包含,1.0,
方剂_230,中药_13,包含,1.0,
方剂_230,中药_18,包含,1.0,
症状_234,方剂_239,治疗,1.0,
方剂_239,中药_89,包含,1.0,
方剂_239,中药_185,包含,1.0,
方剂_239,中药_232,包含,1.0,
方剂_239,中药_19,包含,1.0,
方剂_239,中药_134,包含,1.0,
方剂_239,中药_240,包含,1.0,
方剂_239,中药_241,包含,1.0,
方剂_239,中药_242,包含,1.0,
方剂_239,中药_243,包含,1.0,
方剂_239,中药_129,包含,1.0,
方剂_239,中药_37,包含,1.0,
方剂_239,中药_244,包含,1.0,
症状_245,证型_259,关联,1.0,
症状_246,证型_259,关联,1.0,
症状_117,证型_259,关联,0.5,
症状_170,证型_259,关联,0.5,
症状_247,证型_259,关联,0.5,
症状_248,证型_259,关联,0.5,
症状_79,证型_259,关联,0.5,
症状_249,证型_259,关联,0.5,
症状_250,证型_259,关联,0.5,
症状_140,证型_259,关联,0.5,
症状_55,证型_259,关联,0.5,
症状_251,证型_259,关联,0.5,
症状_252,证型_259,关联,0.5,
症状_162,证型_259,关联,0.5,
症状_253,证型_259,关联,0.5,
症状_254,证型_259,关联,0.5,
症状_122,证型_259,关联,0.5,
症状_255,证型_259,关联,0.5,
症状_256,证型_259,关联,0.5,
症状_257,证型_259,关联,0.5,
症状_64,证型_259,关联,0.5,
症状_258,证型_259,关联,0.5,
证型_259,方剂_260,治疗,1.0,
证型_259,方剂_261,治疗,1.0,
方剂_260,中药_18,包含,1.0,
方剂_260,中药_91,包含,1.0,
方剂_260,中药_15,包含,1.0,
方剂_260,中药_92,包含,1.0,
方剂_260,中药_158,包含,1.0,
方剂_260,中药_146,包含,1.0,
方剂_260,中药_16,包含,1.0,
方剂_260,中药_14,包含,1.0,
方剂_260,中药_262,包含,1.0,
方剂_261,中药_18,包含,1.0,
方剂_261,中药_91,包含,1.0,
方剂_261,中药_15,包含,1.0,
方剂_261,中药_92,包含,1.0,
方剂_261,中药_158,包含,1.0,
方剂_261,中药_146,包含,1.0,
方剂_261,中药_16,包含,1.0,
方剂_261,中药_14,包含,1.0,
方剂_261,中药_262,包含,1.0,
症状_263,方剂_270,治疗,1.0,
症状_263,方剂_271,治疗,1.0,
方剂_270,中药_10,包含,1.0,
方剂_270,中药_11,包含,1.0,
方剂_270,中药_12,包含,1.0,
方剂_270,中药_91,包含,1.0,
方剂_270,中药_133,包含,1.0,
方剂_270,中药_156,包含,1.0,
方剂_270,中药_16,包含,1.0,
方剂_270,中药_272,包含,1.0,
方剂_270,中药_210,包含,1.0,
方剂_270,中药_17,包含,1.0,
方剂_270,中药_150,包含,1.0,
方剂_270,中药_233,包含,1.0,
方剂_270,中药_132,包含,1.0,
方剂_271,中药_10,包含,1.0,
方剂_271,中药_11,包含,1.0,
方剂_271,中药_12,包含,1.0,
方剂_271,中药_91,包含,1.0,
方剂_271,中药_133,包含,1.0,
方剂_271,中药_156,包含,1.0,
方剂_271,中药_16,包含,1.0,
方剂_271,中药_272,包含,1.0,
方剂_271,中药_210,包含,1.0,
方剂_271,中药_17,包含,1.0,
方剂_271,中药_150,包含,1.0,
方剂_271,中药_233,包含,1.0,
方剂_271,中药_132,包含,1.0,
症状_273,证型_220,关联,1.0,
症状_274,证型_220,关联,1.0,
症状_275,证型_220,关联,1.0,
症状_276,证型_220,关联,1.0,
症状_277,证型_220,关联,1.0,
症状_31,证型_220,关联,1.0,
症状_278,证型_220,关联,0.5,
症状_279,证型_220,关联,0.5,
症状_280,证型_220,关联,0.5,
症状_281,证型_220,关联,0.5,
症状_282,证型_220,关联,0.5,
症状_283,证型_220,关联,0.5,
症状_284,证型_220,关联,0.5,
症状_49,证型_220,关联,0.5,
症状_120,证型_220,关联,0.5,
症状_79,证型_220,关联,0.5,
症状_140,证型_220,关联,0.5,
症状_285,证型_220,关联,0.5,
症状_286,证型_220,关联,0.5,
症状_287,证型_220,关联,0.5,
症状_288,证型_220,关联,0.5,
症状_289,证型_220,关联,0.5,
症状_290,证型_220,关联,0.5,
证型_220,方剂_291,治疗,1.0,
方剂_291,中药_146,包含,1.0,
方剂_291,中药_91,包含,1.0,
方剂_291,中药_37,包含,1.0,
方剂_291,中药_156,包含,1.0,
方剂_291,中药_16,包含,1.0,
方剂_291,中药_292,包含,1.0,
症状_79,证型_107,关联,1.0,
症状_293,证型_107,关联,1.0,
症状_294,证型_107,关联,0.5,
症状_295,证型_107,关联,0.5,
症状_296,证型_107,关联,0.5,
症状_297,证型_107,关联,0.5,
症状_298,证型_107,关联,0.5,
症状_299,证型_107,关联,0.5,
症状_300,证型_107,关联,0.5,
症状_301,证型_107,关联,0.5,
症状_162,证型_107,关联,0.5,
症状_302,证型_107,关联,0.5,
症状_166,证型_107,关联,0.5,
症状_122,证型_107,关联,0.5,
症状_303,证型_107,关联,0.5,
症状_304,证型_107,关联,0.5,
症状_305,证型_107,关联,0.5,
证型_107,方剂_306,治疗,1.0,
方剂_306,中药_38,包含,1.0,
方剂_306,中药_11,包含,1.0,
方剂_306,中药_91,包含,1.0,
方剂_306,中药_109,包含,1.0,
方剂_306,中药_307,包含,1.0,
方剂_306,中药_185,包含,1.0,
方剂_306,中药_308,包含,1.0,
方剂_306,中药_309,包含,1.0,
方剂_306,中药_13,包含,1.0,
方剂_306,中药_233,包含,1.0,
方剂_306,中药_12,包含,1.0,
方剂_306,中药_146,包含,1.0,
方剂_306,中药_89,包含,1.0,
方剂_306,中药_90,包含,1.0,
方剂_306,中药_310,包含,1.0,
方剂_306,中药_156,包含,1.0,
方剂_306,中药_37,包含,1.0,
症状_332,证型_343,关联,1.0,
症状_333,证型_343,关联,1.0,
症状_334,证型_343,关联,0.5,
症状_335,证型_343,关联,0.5,
症状_336,证型_343,关联,0.5,
症状_29,证型_343,关联,0.5,
症状_79,证型_343,关联,0.5,
症状_337,证型_343,关联,0.5,
症状_338,证型_343,关联,0.5,
症状_339,证型_343,关联,0.5,
症状_82,证型_343,关联,0.5,
症状_162,证型_343,关联,0.5,
症状_340,证型_343,关联,0.5,
症状_341,证型_343,关联,0.5,
症状_314,证型_343,关联,0.5,
症状_165,证型_343,关联,0.5,
症状_175,证型_343,关联,0.5,
症状_166,证型_343,关联,0.5,
症状_122,证型_343,关联,0.5,
症状_258,证型_343,关联,0.5,
症状_219,证型_343,关联,0.5,
症状_85,证型_343,关联,0.5,
症状_257,证型_343,关联,0.5,
症状_64,证型_343,关联,0.5,
症状_342,证型_343,关联,0.5,
证型_343,方剂_344,治疗,1.0,
方剂_344,中药_38,包含,1.0,
方剂_344,中药_152,包含,1.0,
方剂_344,中药_13,包含,1.0,
方剂_344,中药_12,包含,1.0,
方剂_344,中药_37,包含,1.0,
方剂_344,中药_15,包含,1.0,
方剂_344,中药_16,包含,1.0,
症状_77,证型_345,关联,1.0,
症状_73,证型_345,关联,1.0,
症状_72,证型_345,关联,0.5,
症状_255,证型_345,关联,0.5,
症状_218,证型_345,关联,0.5,
症状_65,证型_345,关联,0.5,
证型_345,方剂_346,治疗,1.0,
方剂_346,中药_94,包含,1.0,
方剂_346,中药_37,包含,1.0,
方剂_346,中药_134,包含,1.0,
方剂_346,中药_18,包含,1.0,
方剂_346,中药_90,包含,1.0,
症状_173,证型_348,关联,1.0,
症状_347,证型_348,关联,0.5,
证型_348,方剂_349,治疗,1.0,
方剂_349,中药_193,包含,1.0,
方剂_349,中药_350,包含,1.0,
方剂_349,中药_351,包含,1.0,
方剂_349,中药_132,包含,1.0,
方剂_349,中药_11,包含,1.0,
方剂_349,中药_352,包含,1.0,
方剂_349,中药_177,包含,1.0,
方剂_349,中药_353,包含,1.0,
方剂_349,中药_354,包含,1.0,
方剂_349,中药_355,包含,1.0,
方剂_349,中药_356,包含,1.0,
症状_357,证型_167,关联,1.0,
症状_358,证型_167,关联,1.0,
症状_359,证型_167,关联,1.0,
症状_360,证型_167,关联,1.0,
症状_361,证型_167,关联,1.0,
症状_362,证型_167,关联,0.5,
症状_363,证型_167,关联,0.5,
症状_364,证型_167,关联,0.5,
症状_56,证型_167,关联,0.5,
症状_365,证型_167,关联,0.5,
症状_73,证型_167,关联,0.5,
症状_366,证型_167,关联,0.5,
症状_27,证型_167,关联,0.5,
症状_367,证型_167,关联,0.5,
症状_368,证型_167,关联,0.5,
症状_369,证型_167,关联,0.5,
症状_78,证型_167,关联,0.5,
症状_370,证型_167,关联,0.5,
症状_371,证型_167,关联,0.5,
症状_372,证型_167,关联,0.5,
症状_373,证型_167,关联,0.5,
症状_77,证型_167,关联,0.5,
症状_120,证型_167,关联,0.5,
症状_215,证型_167,关联,0.5,
症状_374,证型_167,关联,0.5,
症状_375,证型_167,关联,0.5,
症状_376,证型_167,关联,0.5,
症状_314,证型_167,关联,0.5,
症状_377,证型_167,关联,0.5,
症状_378,证型_167,关联,0.5,
症状_63,证型_167,关联,0.5,
症状_218,证型_167,关联,0.5,
症状_228,证型_167,关联,0.5,
症状_85,证型_167,关联,0.5,
症状_379,证型_167,关联,0.5,
证型_167,方剂_87,治疗,1.0,
方剂_87,中药_12,包含,1.0,
方剂_87,中药_146,包含,1.0,
症状_250,方剂_386,治疗,1.0,
症状_250,方剂_387,治疗,1.0,
方剂_386,中药_12,包含,1.0,
方剂_386,中药_92,包含,1.0,
方剂_386,中药_193,包含,1.0,
方剂_386,中药_194,包含,1.0,
方剂_386,中药_18,包含,1.0,
方剂_386,中药_37,包含,1.0,
方剂_386,中药_16,包含,1.0,
方剂_386,中药_169,包含,1.0,
方剂_386,中药_11,包含,1.0,
方剂_386,中药_146,包含,1.0,
方剂_386,中药_10,包含,1.0,
方剂_386,中药_178,包含,1.0,
方剂_386,中药_388,包含,1.0,
方剂_386,中药_13,包含,1.0,
方剂_386,中药_156,包含,1.0,
方剂_386,中药_188,包含,1.0,
方剂_387,中药_12,包含,1.0,
方剂_387,中药_92,包含,1.0,
方剂_387,中药_193,包含,1.0,
方剂_387,中药_194,包含,1.0,
方剂_387,中药_18,包含,1.0,
方剂_387,中药_37,包含,1.0,
方剂_387,中药_16,包含,1.0,
方剂_387,中药_169,包含,1.0,
方剂_387,中药_11,包含,1.0,
方剂_387,中药_146,包含,1.0,
方剂_387,中药_10,包含,1.0,
方剂_387,中药_178,包含,1.0,
方剂_387,中药_388,包含,1.0,
方剂_387,中药_13,包含,1.0,
方剂_387,中药_156,包含,1.0,
方剂_387,中药_188,包含,1.0,
症状_35,证型_403,关联,1.0,
症状_0,证型_403,关联,0.5,
症状_120,证型_403,关联,0.5,
症状_399,证型_403,关联,0.5,
症状_400,证型_403,关联,0.5,
症状_82,证型_403,关联,0.5,
症状_401,证型_403,关联,0.5,
症状_402,证型_403,关联,0.5,
症状_141,证型_403,关联,0.5,
证型_403,方剂_404,治疗,1.0,
证型_403,方剂_405,治疗,1.0,
方剂_404,中药_13,包含,1.0,
方剂_404,中药_92,包含,1.0,
方剂_404,中药_18,包含,1.0,
方剂_404,中药_37,包含,1.0,
方剂_404,中药_194,包含,1.0,
方剂_404,中药_12,包含,1.0,
方剂_404,中药_10,包含,1.0,
方剂_404,中药_146,包含,1.0,
方剂_404,中药_15,包含,1.0,
方剂_404,中药_210,包含,1.0,
方剂_404,中药_11,包含,1.0,
方剂_404,中药_95,包含,1.0,
方剂_405,中药_13,包含,1.0,
方剂_405,中药_92,包含,1.0,
方剂_405,中药_18,包含,1.0,
方剂_405,中药_37,包含,1.0,
方剂_405,中药_194,包含,1.0,
方剂_405,中药_12,包含,1.0,
方剂_405,中药_10,包含,1.0,
方剂_405,中药_146,包含,1.0,
方剂_405,中药_15,包含,1.0,
方剂_405,中药_210,包含,1.0,
方剂_405,中药_11,包含,1.0,
方剂_405,中药_95,包含,1.0,
症状_406,证型_410,关联,0.5,
症状_29,证型_410,关联,0.5,
症状_407,证型_410,关联,0.5,
症状_336,证型_410,关联,0.5,
症状_235,证型_410,关联,0.5,
症状_54,证型_410,关联,0.5,
症状_55,证型_410,关联,0.5,
症状_68,证型_410,关联,0.5,
症状_82,证型_410,关联,0.5,
症状_408,证型_410,关联,0.5,
症状_397,证型_410,关联,0.5,
症状_409,证型_410,关联,0.5,
症状_342,证型_410,关联,0.5,
证型_410,方剂_411,治疗,1.0,
证型_410,方剂_412,治疗,1.0,
方剂_411,中药_12,包含,1.0,
方剂_411,中药_18,包含,1.0,
方剂_411,中药_17,包含,1.0,
方剂_411,中药_156,包含,1.0,
方剂_411,中药_413,包含,1.0,
方剂_411,中药_414,包含,1.0,
方剂_411,中药_38,包含,1.0,
方剂_411,中药_11,包含,1.0,
方剂_412,中药_12,包含,1.0,
方剂_412,中药_18,包含,1.0,
方剂_412,中药_17,包含,1.0,
方剂_412,中药_156,包含,1.0,
方剂_412,中药_413,包含,1.0,
方剂_412,中药_414,包含,1.0,
方剂_412,中药_38,包含,1.0,
方剂_412,中药_11,包含,1.0,
症状_415,证型_425,关联,1.0,
症状_416,证型_425,关联,0.5,
症状_417,证型_425,关联,0.5,
症状_418,证型_425,关联,0.5,
症状_419,证型_425,关联,0.5,
症状_78,证型_425,关联,0.5,
症状_420,证型_425,关联,0.5,
症状_56,证型_425,关联,0.5,
症状_162,证型_425,关联,0.5,
症状_421,证型_425,关联,0.5,
症状_422,证型_425,关联,0.5,
症状_62,证型_425,关联,0.5,
症状_423,证型_425,关联,0.5,
症状_122,证型_425,关联,0.5,
症状_424,证型_425,关联,0.5,
证型_425,方剂_426,治疗,1.0,
方剂_426,中药_18,包含,1.0,
方剂_426,中药_146,包含,1.0,
方剂_426,中药_152,包含,1.0,
方剂_426,中药_92,包含,1.0,
方剂_426,中药_37,包含,1.0,
方剂_426,中药_16,包含,1.0,
症状_427,方剂_434,治疗,1.0,
方剂_434,中药_182,包含,1.0,
方剂_434,中药_11,包含,1.0,
方剂_434,中药_321,包含,1.0,
方剂_434,中药_135,包含,1.0,
方剂_434,中药_435,包含,1.0,
方剂_434,中药_398,包含,1.0,
方剂_434,中药_436,包含,1.0,
方剂_434,中药_131,包含,1.0,
方剂_434,中药_203,包含,1.0,
方剂_434,中药_437,包含,1.0,
方剂_434,中药_331,包含,1.0,
方剂_434,中药_178,包含,1.0,
方剂_434,中药_95,包含,1.0,
方剂_434,中药_438,包含,1.0,
方剂_434,中药_209,包含,1.0,
方剂_434,中药_13,包含,1.0,
症状_439,证型_446,关联,1.0,
症状_440,证型_446,关联,1.0,
症状_106,证型_446,关联,0.5,
症状_441,证型_446,关联,0.5,
症状_442,证型_446,关联,0.5,
症状_443,证型_446,关联,0.5,
症状_299,证型_446,关联,0.5,
症状_444,证型_446,关联,0.5,
症状_445,证型_446,关联,0.5,
症状_34,证型_446,关联,0.5,
症状_255,证型_446,关联,0.5,
症状_66,证型_446,关联,0.5,
症状_218,证型_446,关联,0.5,
证型_446,方剂_447,治疗,1.0,
方剂_447,中药_146,包含,1.0,
方剂_447,中药_91,包含,1.0,
方剂_447,中药_156,包含,1.0,
方剂_447,中药_16,包含,1.0,
方剂_447,中药_178,包含,1.0,
方剂_447,中药_95,包含,1.0,
方剂_447,中药_37,包含,1.0,
症状_381,证型_471,关联,1.0,
症状_468,证型_471,关联,1.0,
症状_161,证型_471,关联,1.0,
症状_380,证型_471,关联,0.5,
症状_72,证型_471,关联,0.5,
症状_377,证型_471,关联,0.5,
症状_469,证型_471,关联,0.5,
症状_49,证型_471,关联,0.5,
症状_79,证型_471,关联,0.5,
症状_470,证型_471,关联,0.5,
证型_471,方剂_472,治疗,1.0,
证型_471,方剂_473,治疗,1.0,
方剂_472,中药_231,包含,1.0,
方剂_472,中药_209,包含,1.0,
方剂_472,中药_92,包含,1.0,
方剂_472,中药_37,包含,1.0,
方剂_472,中药_15,包含,1.0,
方剂_472,中药_16,包含,1.0,
方剂_472,中药_146,包含,1.0,
方剂_472,中药_153,包含,1.0,
方剂_472,中药_457,包含,1.0,
方剂_472,中药_177,包含,1.0,
方剂_472,中药_195,包含,1.0,
方剂_472,中药_326,包含,1.0,
方剂_472,中药_147,包含,1.0,
方剂_472,中药_158,包含,1.0,
方剂_473,中药_231,包含,1.0,
方剂_473,中药_209,包含,1.0,
方剂_473,中药_92,包含,1.0,
方剂_473,中药_37,包含,1.0,
方剂_473,中药_15,包含,1.0,
方剂_473,中药_16,包含,1.0,
方剂_473,中药_146,包含,1.0,
方剂_473,中药_153,包含,1.0,
方剂_473,中药_457,包含,1.0,
方剂_473,中药_177,包含,1.0,
方剂_473,中药_195,包含,1.0,
方剂_473,中药_326,包含,1.0,
方剂_473,中药_147,包含,1.0,
方剂_473,中药_158,包含,1.0,
症状_407,方剂_71,治疗,1.0,
方剂_71,中药_477,包含,1.0,
方剂_71,中药_10,包含,1.0,
症状_212,证型_343,关联,1.0,
症状_374,证型_343,关联,0.5,
症状_478,证型_343,关联,0.5,
症状_479,证型_343,关联,0.5,
症状_480,证型_343,关联,0.5,
症状_481,证型_343,关联,0.5,
症状_235,证型_343,关联,0.5,
症状_482,证型_343,关联,0.5,
症状_246,证型_343,关联,0.5,
症状_483,证型_343,关联,0.5,
症状_484,证型_343,关联,0.5,
症状_485,证型_343,关联,0.5,
症状_486,证型_343,关联,0.5,
症状_67,证型_343,关联,0.5,
症状_235,证型_501,关联,1.0,
症状_496,证型_501,关联,1.0,
症状_250,证型_501,关联,1.0,
症状_497,证型_501,关联,0.5,
症状_498,证型_501,关联,0.5,
症状_499,证型_501,关联,0.5,
症状_500,证型_501,关联,0.5,
症状_141,证型_501,关联,0.5,
证型_501,方剂_386,治疗,1.0,
方剂_386,中药_88,包含,1.0,
症状_502,方剂_411,治疗,1.0,
症状_502,方剂_71,治疗,1.0,
症状_24,方剂_411,治疗,1.0,
症状_24,方剂_71,治疗,1.0,
方剂_411,中药_262,包含,1.0,
方剂_411,中药_513,包含,1.0,
方剂_411,中药_514,包含,1.0,
方剂_411,中药_15,包含,1.0,
方剂_411,中药_16,包含,1.0,
方剂_411,中药_13,包含,1.0,
方剂_411,中药_37,包含,1.0,
方剂_411,中药_210,包含,1.0,
方剂_411,中药_388,包含,1.0,
方剂_411,中药_515,包含,1.0,
方剂_411,中药_516,包含,1.0,
方剂_71,中药_18,包含,1.0,
方剂_71,中药_262,包含,1.0,
方剂_71,中药_513,包含,1.0,
方剂_71,中药_514,包含,1.0,
方剂_71,中药_210,包含,1.0,
方剂_71,中药_388,包含,1.0,
方剂_71,中药_515,包含,1.0,
方剂_71,中药_516,包含,1.0,
症状_517,方剂_447,治疗,1.0,
症状_517,方剂_291,治疗,1.0,
症状_518,方剂_447,治疗,1.0,
症状_518,方剂_291,治疗,1.0,
症状_519,方剂_447,治疗,1.0,
症状_519,方剂_291,治疗,1.0,
症状_312,方剂_447,治疗,1.0,
症状_312,方剂_291,治疗,1.0,
症状_520,方剂_447,治疗,1.0,
症状_520,方剂_291,治疗,1.0,
症状_521,方剂_447,治疗,1.0,
症状_521,方剂_291,治疗,1.0,
症状_200,方剂_447,治疗,1.0,
症状_200,方剂_291,治疗,1.0,
症状_522,方剂_447,治疗,1.0,
症状_522,方剂_291,治疗,1.0,
症状_523,方剂_447,治疗,1.0,
症状_523,方剂_291,治疗,1.0,
症状_524,方剂_447,治疗,1.0,
症状_524,方剂_291,治疗,1.0,
症状_431,方剂_447,治疗,1.0,
症状_431,方剂_291,治疗,1.0,
症状_525,方剂_447,治疗,1.0,
症状_525,方剂_291,治疗,1.0,
方剂_447,中药_157,包含,1.0,
方剂_447,中药_14,包含,1.0,
方剂_291,中药_178,包含,1.0,
方剂_291,中药_95,包含,1.0,
方剂_291,中药_157,包含,1.0,
方剂_291,中药_14,包含,1.0,
症状_527,证型_544,关联,1.0,
症状_362,证型_544,关联,0.5,
症状_363,证型_544,关联,0.5,
症状_528,证型_544,关联,0.5,
症状_337,证型_544,关联,0.5,
症状_529,证型_544,关联,0.5,
症状_74,证型_544,关联,0.5,
症状_530,证型_544,关联,0.5,
症状_531,证型_544,关联,0.5,
症状_532,证型_544,关联,0.5,
症状_533,证型_544,关联,0.5,
症状_534,证型_544,关联,0.5,
症状_139,证型_544,关联,0.5,
症状_535,证型_544,关联,0.5,
症状_536,证型_544,关联,0.5,
症状_120,证型_544,关联,0.5,
症状_537,证型_544,关联,0.5,
症状_538,证型_544,关联,0.5,
症状_160,证型_544,关联,0.5,
症状_539,证型_544,关联,0.5,
症状_540,证型_544,关联,0.5,
症状_484,证型_544,关联,0.5,
症状_162,证型_544,关联,0.5,
症状_63,证型_544,关联,0.5,
症状_541,证型_544,关联,0.5,
症状_67,证型_544,关联,0.5,
症状_542,证型_544,关联,0.5,
症状_543,证型_544,关联,0.5,
症状_70,证型_544,关联,0.5,
症状_120,方剂_87,治疗,1.0,
症状_80,方剂_87,治疗,1.0,
方剂_87,中药_549,包含,1.0,
方剂_87,中药_317,包含,1.0,
症状_550,证型_556,关联,1.0,
症状_551,证型_556,关联,1.0,
症状_552,证型_556,关联,0.5,
症状_72,证型_556,关联,0.5,
症状_78,证型_556,关联,0.5,
症状_553,证型_556,关联,0.5,
症状_554,证型_556,关联,0.5,
症状_82,证型_556,关联,0.5,
症状_162,证型_556,关联,0.5,
症状_555,证型_556,关联,0.5,
症状_64,证型_556,关联,0.5,
证型_556,方剂_557,治疗,1.0,
方剂_557,中药_10,包含,1.0,
方剂_557,中药_11,包含,1.0,
方剂_557,中药_37,包含,1.0,
方剂_557,中药_131,包含,1.0,
方剂_557,中药_436,包含,1.0,
症状_357,方剂_563,治疗,1.0,
症状_357,方剂_564,治疗,1.0,
症状_558,方剂_563,治疗,1.0,
症状_558,方剂_564,治疗,1.0,
方剂_563,中药_10,包含,1.0,
方剂_563,中药_91,包含,1.0,
方剂_563,中药_565,包含,1.0,
方剂_563,中药_37,包含,1.0,
方剂_563,中药_13,包含,1.0,
方剂_563,中药_92,包含,1.0,
方剂_563,中药_18,包含,1.0,
方剂_564,中药_10,包含,1.0,
方剂_564,中药_91,包含,1.0,
方剂_564,中药_565,包含,1.0,
方剂_564,中药_37,包含,1.0,
方剂_564,中药_13,包含,1.0,
方剂_564,中药_92,包含,1.0,
方剂_564,中药_18,包含,1.0,
症状_368,方剂_567,治疗,1.0,
症状_368,方剂_568,治疗,1.0,
症状_24,方剂_567,治疗,1.0,
症状_24,方剂_568,治疗,1.0,
方剂_567,中药_10,包含,1.0,
方剂_567,中药_569,包含,1.0,
方剂_567,中药_570,包含,1.0,
方剂_567,中药_14,包含,1.0,
方剂_567,中药_156,包含,1.0,
方剂_567,中药_16,包含,1.0,
方剂_567,中药_571,包含,1.0,
方剂_567,中药_109,包含,1.0,
方剂_567,中药_90,包含,1.0,
方剂_567,中药_89,包含,1.0,
方剂_567,中药_91,包含,1.0,
方剂_567,中药_185,包含,1.0,
方剂_567,中药_572,包含,1.0,
方剂_567,中药_573,包含,1.0,
方剂_567,中药_574,包含,1.0,
方剂_567,中药_194,包含,1.0,
方剂_568,中药_10,包含,1.0,
方剂_568,中药_569,包含,1.0,
方剂_568,中药_570,包含,1.0,
方剂_568,中药_14,包含,1.0,
方剂_568,中药_156,包含,1.0,
方剂_568,中药_16,包含,1.0,
方剂_568,中药_571,包含,1.0,
方剂_568,中药_109,包含,1.0,
方剂_568,中药_90,包含,1.0,
方剂_568,中药_89,包含,1.0,
方剂_568,中药_91,包含,1.0,
方剂_568,中药_185,包含,1.0,
方剂_568,中药_572,包含,1.0,
方剂_568,中药_573,包含,1.0,
方剂_568,中药_574,包含,1.0,
方剂_568,中药_194,包含,1.0,
症状_575,证型_581,关联,1.0,
症状_55,证型_581,关联,1.0,
症状_1,证型_581,关联,0.5,
症状_72,证型_581,关联,0.5,
症状_279,证型_581,关联,0.5,
症状_73,证型_581,关联,0.5,
症状_576,证型_581,关联,0.5,
症状_3,证型_581,关联,0.5,
症状_577,证型_581,关联,0.5,
症状_337,证型_581,关联,0.5,
症状_78,证型_581,关联,0.5,
症状_227,证型_581,关联,0.5,
症状_578,证型_581,关联,0.5,
症状_579,证型_581,关联,0.5,
症状_300,证型_581,关联,0.5,
症状_251,证型_581,关联,0.5,
症状_174,证型_581,关联,0.5,
症状_175,证型_581,关联,0.5,
症状_122,证型_581,关联,0.5,
症状_580,证型_581,关联,0.5,
症状_66,证型_581,关联,0.5,
症状_64,证型_581,关联,0.5,
症状_342,证型_581,关联,0.5,
证型_581,方剂_411,治疗,1.0,
症状_227,方剂_599,治疗,1.0,
方剂_599,中药_134,包含,1.0,
方剂_599,中药_37,包含,1.0,
方剂_599,中药_129,包含,1.0,
方剂_599,中药_549,包含,1.0,
方剂_599,中药_600,包含,1.0,
症状_601,方剂_604,治疗,1.0,
症状_601,方剂_605,治疗,1.0,
症状_602,方剂_604,治疗,1.0,
症状_602,方剂_605,治疗,1.0,
方剂_604,中药_606,包含,1.0,
方剂_604,中药_546,包含,1.0,
方剂_604,中药_310,包含,1.0,
方剂_604,中药_549,包含,1.0,
方剂_604,中药_18,包含,1.0,
方剂_604,中药_93,包含,1.0,
方剂_604,中药_152,包含,1.0,
方剂_604,中药_158,包含,1.0,
方剂_604,中药_177,包含,1.0,
方剂_604,中药_607,包含,1.0,
方剂_604,中药_91,包含,1.0,
方剂_604,中药_92,包含,1.0,
方剂_604,中药_156,包含,1.0,
方剂_605,中药_606,包含,1.0,
方剂_605,中药_546,包含,1.0,
方剂_605,中药_310,包含,1.0,
方剂_605,中药_549,包含,1.0,
方剂_605,中药_18,包含,1.0,
方剂_605,中药_93,包含,1.0,
方剂_605,中药_152,包含,1.0,
方剂_605,中药_158,包含,1.0,
方剂_605,中药_177,包含,1.0,
方剂_605,中药_607,包含,1.0,
方剂_605,中药_91,包含,1.0,
方剂_605,中药_92,包含,1.0,
方剂_605,中药_156,包含,1.0,
症状_608,证型_618,关联,1.0,
症状_609,证型_618,关联,1.0,
症状_280,证型_618,关联,1.0,
症状_610,证型_618,关联,1.0,
症状_611,证型_618,关联,0.5,
症状_612,证型_618,关联,0.5,
症状_201,证型_618,关联,0.5,
症状_336,证型_618,关联,0.5,
症状_613,证型_618,关联,0.5,
症状_614,证型_618,关联,0.5,
症状_235,证型_618,关联,0.5,
症状_249,证型_618,关联,0.5,
症状_615,证型_618,关联,0.5,
症状_250,证型_618,关联,0.5,
症状_140,证型_618,关联,0.5,
症状_616,证型_618,关联,0.5,
症状_106,证型_618,关联,0.5,
症状_314,证型_618,关联,0.5,
症状_63,证型_618,关联,0.5,
症状_122,证型_618,关联,0.5,
症状_617,证型_618,关联,0.5,
症状_66,证型_618,关联,0.5,
症状_85,证型_618,关联,0.5,
症状_77,方剂_632,治疗,1.0,
方剂_632,中药_132,包含,1.0,
方剂_632,中药_11,包含,1.0,
方剂_632,中药_625,包含,1.0,
方剂_632,中药_12,包含,1.0,
方剂_632,中药_18,包含,1.0,
方剂_632,中药_262,包含,1.0,
方剂_632,中药_513,包含,1.0,
方剂_632,中药_131,包含,1.0,
症状_633,方剂_71,治疗,1.0,
症状_634,方剂_71,治疗,1.0,
方剂_71,中药_88,包含,1.0,
方剂_71,中药_466,包含,1.0,
症状_24,证型_644,关联,1.0,
症状_264,证型_644,关联,0.5,
症状_459,证型_644,关联,0.5,
症状_640,证型_644,关联,0.5,
症状_211,证型_644,关联,0.5,
症状_235,证型_644,关联,0.5,
症状_641,证型_644,关联,0.5,
症状_339,证型_644,关联,0.5,
症状_642,证型_644,关联,0.5,
症状_82,证型_644,关联,0.5,
症状_4,证型_644,关联,0.5,
症状_643,证型_644,关联,0.5,
证型_644,方剂_567,治疗,1.0,
证型_644,方剂_563,治疗,1.0,
方剂_567,中药_11,包含,1.0,
方剂_567,中药_13,包含,1.0,
方剂_567,中药_12,包含,1.0,
方剂_567,中药_645,包含,1.0,
方剂_567,中药_625,包含,1.0,
方剂_567,中药_17,包含,1.0,
方剂_563,中药_11,包含,1.0,
方剂_563,中药_156,包含,1.0,
方剂_563,中药_16,包含,1.0,
方剂_563,中药_14,包含,1.0,
方剂_563,中药_12,包含,1.0,
方剂_563,中药_645,包含,1.0,
方剂_563,中药_625,包含,1.0,
方剂_563,中药_17,包含,1.0,
症状_77,证型_648,关联,1.0,
症状_313,证型_648,关联,0.5,
症状_72,证型_648,关联,0.5,
症状_301,证型_648,关联,0.5,
症状_299,证型_648,关联,0.5,
症状_83,证型_648,关联,0.5,
症状_646,证型_648,关联,0.5,
症状_175,证型_648,关联,0.5,
症状_647,证型_648,关联,0.5,
症状_165,证型_648,关联,0.5,
症状_70,证型_648,关联,0.5,
症状_176,证型_648,关联,0.5,
症状_66,证型_648,关联,0.5,
症状_64,证型_648,关联,0.5,
症状_84,证型_648,关联,0.5,
证型_648,方剂_349,治疗,1.0,
证型_648,方剂_387,治疗,1.0,
方剂_349,中药_649,包含,1.0,
方剂_349,中药_10,包含,1.0,
方剂_349,中药_12,包含,1.0,
方剂_349,中药_178,包含,1.0,
方剂_349,中药_133,包含,1.0,
方剂_349,中药_13,包含,1.0,
方剂_349,中药_650,包含,1.0,
方剂_349,中药_651,包含,1.0,
方剂_387,中药_350,包含,1.0,
方剂_387,中药_649,包含,1.0,
方剂_387,中药_132,包含,1.0,
方剂_387,中药_352,包含,1.0,
方剂_387,中药_177,包含,1.0,
方剂_387,中药_353,包含,1.0,
方剂_387,中药_354,包含,1.0,
方剂_387,中药_355,包含,1.0,
方剂_387,中药_356,包含,1.0,
方剂_387,中药_133,包含,1.0,
方剂_387,中药_650,包含,1.0,
方剂_387,中药_651,包含,1.0,
症状_659,方剂_667,治疗,1.0,
症状_659,方剂_668,治疗,1.0,
症状_660,方剂_667,治疗,1.0,
症状_660,方剂_668,治疗,1.0,
症状_661,方剂_667,治疗,1.0,
症状_661,方剂_668,治疗,1.0,
症状_662,方剂_667,治疗,1.0,
症状_662,方剂_668,治疗,1.0,
方剂_667,中药_185,包含,1.0,
方剂_667,中药_549,包含,1.0,
方剂_667,中药_546,包含,1.0,
方剂_667,中药_93,包含,1.0,
方剂_667,中药_310,包含,1.0,
方剂_667,中药_18,包含,1.0,
方剂_667,中药_152,包含,1.0,
方剂_667,中药_158,包含,1.0,
方剂_667,中药_127,包含,1.0,
方剂_667,中药_146,包含,1.0,
方剂_667,中药_128,包含,1.0,
方剂_667,中药_37,包含,1.0,
方剂_667,中药_91,包含,1.0,
方剂_667,中药_156,包含,1.0,
方剂_667,中药_16,包含,1.0,
方剂_668,中药_185,包含,1.0,
方剂_668,中药_549,包含,1.0,
方剂_668,中药_546,包含,1.0,
方剂_668,中药_93,包含,1.0,
方剂_668,中药_310,包含,1.0,
方剂_668,中药_18,包含,1.0,
方剂_668,中药_152,包含,1.0,
方剂_668,中药_158,包含,1.0,
方剂_668,中药_127,包含,1.0,
方剂_668,中药_146,包含,1.0,
方剂_668,中药_128,包含,1.0,
方剂_668,中药_37,包含,1.0,
方剂_668,中药_91,包含,1.0,
方剂_668,中药_156,包含,1.0,
方剂_668,中药_16,包含,1.0,
症状_669,证型_675,关联,1.0,
症状_670,证型_675,关联,0.5,
症状_671,证型_675,关联,0.5,
症状_295,证型_675,关联,0.5,
症状_296,证型_675,关联,0.5,
症状_672,证型_675,关联,0.5,
症状_29,证型_675,关联,0.5,
症状_49,证型_675,关联,0.5,
症状_77,证型_675,关联,0.5,
症状_250,证型_675,关联,0.5,
症状_673,证型_675,关联,0.5,
症状_674,证型_675,关联,0.5,
证型_675,方剂_291,治疗,1.0,
方剂_291,中药_13,包含,1.0,
方剂_291,中药_92,包含,1.0,
方剂_291,中药_18,包含,1.0,
症状_117,证型_678,关联,1.0,
症状_676,证型_678,关联,0.5,
症状_29,证型_678,关联,0.5,
症状_442,证型_678,关联,0.5,
症状_677,证型_678,关联,0.5,
症状_235,证型_678,关联,0.5,
症状_227,证型_678,关联,0.5,
症状_251,证型_678,关联,0.5,
症状_106,证型_678,关联,0.5,
症状_58,证型_678,关联,0.5,
症状_255,证型_678,关联,0.5,
症状_66,证型_678,关联,0.5,
症状_64,证型_678,关联,0.5,
症状_680,证型_343,关联,1.0,
症状_681,证型_343,关联,1.0,
症状_682,证型_343,关联,0.5,
症状_683,证型_343,关联,0.5,
症状_5,证型_343,关联,0.5,
症状_397,证型_343,关联,0.5,
症状_684,证型_343,关联,0.5,
症状_228,证型_343,关联,0.5,
症状_68,证型_343,关联,0.5,
方剂_344,中药_14,包含,1.0,
方剂_344,中药_685,包含,1.0,
方剂_344,中药_686,包含,1.0,
方剂_344,中药_331,包含,1.0,
症状_687,证型_698,关联,1.0,
症状_431,证型_698,关联,1.0,
症状_688,证型_698,关联,0.5,
症状_689,证型_698,关联,0.5,
症状_690,证型_698,关联,0.5,
症状_199,证型_698,关联,0.5,
症状_691,证型_698,关联,0.5,
症状_692,证型_698,关联,0.5,
症状_693,证型_698,关联,0.5,
症状_694,证型_698,关联,0.5,
症状_695,证型_698,关联,0.5,
症状_696,证型_698,关联,0.5,
症状_63,证型_698,关联,0.5,
症状_122,证型_698,关联,0.5,
症状_84,证型_698,关联,0.5,
症状_697,证型_698,关联,0.5,
症状_64,证型_698,关联,0.5,
证型_698,方剂_604,治疗,1.0,
方剂_604,中药_184,包含,1.0,
症状_699,方剂_387,治疗,1.0,
症状_699,方剂_710,治疗,1.0,
症状_700,方剂_387,治疗,1.0,
症状_700,方剂_710,治疗,1.0,
方剂_387,中药_95,包含,1.0,
方剂_387,中药_15,包含,1.0,
方剂_387,中药_14,包含,1.0,
方剂_387,中药_153,包含,1.0,
方剂_387,中药_711,包含,1.0,
方剂_387,中药_310,包含,1.0,
方剂_387,中药_94,包含,1.0,
方剂_387,中药_90,包含,1.0,
方剂_387,中药_321,包含,1.0,
方剂_710,中药_10,包含,1.0,
方剂_710,中药_12,包含,1.0,
方剂_710,中药_11,包含,1.0,
方剂_710,中药_18,包含,1.0,
方剂_710,中药_146,包含,1.0,
方剂_710,中药_178,包含,1.0,
方剂_710,中药_95,包含,1.0,
方剂_710,中药_16,包含,1.0,
方剂_710,中药_13,包含,1.0,
方剂_710,中药_15,包含,1.0,
方剂_710,中药_14,包含,1.0,
方剂_710,中药_153,包含,1.0,
方剂_710,中药_711,包含,1.0,
方剂_710,中药_310,包含,1.0,
方剂_710,中药_94,包含,1.0,
方剂_710,中药_90,包含,1.0,
方剂_710,中药_321,包含,1.0,
症状_380,方剂_344,治疗,1.0,
症状_712,方剂_344,治疗,1.0,
症状_56,方剂_344,治疗,1.0,
症状_713,方剂_344,治疗,1.0,
症状_735,证型_740,关联,1.0,
症状_442,证型_740,关联,1.0,
症状_252,证型_740,关联,1.0,
症状_736,证型_740,关联,0.5,
症状_737,证型_740,关联,0.5,
症状_114,证型_740,关联,0.5,
症状_281,证型_740,关联,0.5,
症状_77,证型_740,关联,0.5,
症状_250,证型_740,关联,0.5,
症状_300,证型_740,关联,0.5,
症状_82,证型_740,关联,0.5,
症状_174,证型_740,关联,0.5,
症状_289,证型_740,关联,0.5,
症状_83,证型_740,关联,0.5,
症状_142,证型_740,关联,0.5,
症状_122,证型_740,关联,0.5,
症状_738,证型_740,关联,0.5,
症状_739,证型_740,关联,0.5,
症状_85,证型_740,关联,0.5,
症状_66,证型_740,关联,0.5,
症状_64,证型_740,关联,0.5,
证型_740,方剂_741,治疗,1.0,
方剂_741,中药_10,包含,1.0,
方剂_741,中药_153,包含,1.0,
方剂_741,中药_565,包含,1.0,
方剂_741,中药_37,包含,1.0,
方剂_741,中药_89,包含,1.0,
方剂_741,中药_90,包含,1.0,
方剂_741,中药_711,包含,1.0,
方剂_741,中药_742,包含,1.0,
方剂_741,中药_177,包含,1.0,
方剂_741,中药_329,包含,1.0,
方剂_741,中药_185,包含,1.0,
方剂_741,中药_743,包含,1.0,
方剂_741,中药_685,包含,1.0,
症状_744,方剂_749,治疗,1.0,
症状_745,方剂_749,治疗,1.0,
方剂_749,中药_146,包含,1.0,
方剂_749,中药_91,包含,1.0,
方剂_749,中药_37,包含,1.0,
方剂_749,中药_127,包含,1.0,
方剂_749,中药_156,包含,1.0,
方剂_749,中药_92,包含,1.0,
方剂_749,中药_134,包含,1.0,
方剂_749,中药_232,包含,1.0,
方剂_749,中药_158,包含,1.0,
方剂_749,中药_750,包含,1.0,
症状_751,方剂_567,治疗,1.0,
方剂_567,中药_131,包含,1.0,
方剂_567,中药_765,包含,1.0,
方剂_567,中药_437,包含,1.0,
症状_371,证型_770,关联,1.0,
症状_76,证型_770,关联,1.0,
症状_766,证型_770,关联,1.0,
症状_536,证型_770,关联,0.5,
症状_767,证型_770,关联,0.5,
症状_78,证型_770,关联,0.5,
症状_250,证型_770,关联,0.5,
症状_768,证型_770,关联,0.5,
症状_56,证型_770,关联,0.5,
症状_162,证型_770,关联,0.5,
症状_62,证型_770,关联,0.5,
症状_255,证型_770,关联,0.5,
症状_769,证型_770,关联,0.5,
症状_201,证型_770,关联,0.5,
症状_68,证型_770,关联,0.5,
症状_342,证型_770,关联,0.5,
症状_775,证型_777,关联,1.0,
症状_27,证型_777,关联,0.5,
症状_29,证型_777,关联,0.5,
症状_776,证型_777,关联,0.5,
症状_121,证型_777,关联,0.5,
症状_25,证型_777,关联,0.5,
证型_777,方剂_778,治疗,1.0,
证型_777,方剂_779,治疗,1.0,
方剂_778,中药_146,包含,1.0,
方剂_778,中药_18,包含,1.0,
方剂_778,中药_153,包含,1.0,
方剂_778,中药_711,包含,1.0,
方剂_778,中药_310,包含,1.0,
方剂_778,中药_414,包含,1.0,
方剂_778,中药_177,包含,1.0,
方剂_778,中药_606,包含,1.0,
方剂_778,中药_90,包含,1.0,
方剂_778,中药_91,包含,1.0,
方剂_778,中药_89,包含,1.0,
方剂_778,中药_742,包含,1.0,
方剂_778,中药_11,包含,1.0,
方剂_778,中药_195,包含,1.0,
方剂_778,中药_780,包含,1.0,
方剂_778,中药_151,包含,1.0,
方剂_778,中药_781,包含,1.0,
方剂_778,中药_463,包含,1.0,
方剂_778,中药_352,包含,1.0,
方剂_778,中药_354,包含,1.0,
方剂_778,中药_782,包含,1.0,
方剂_778,中药_152,包含,1.0,
方剂_778,中药_232,包含,1.0,
方剂_778,中药_13,包含,1.0,
方剂_778,中药_37,包含,1.0,
方剂_779,中药_146,包含,1.0,
方剂_779,中药_18,包含,1.0,
方剂_779,中药_153,包含,1.0,
方剂_779,中药_711,包含,1.0,
方剂_779,中药_310,包含,1.0,
方剂_779,中药_414,包含,1.0,
方剂_779,中药_177,包含,1.0,
方剂_779,中药_606,包含,1.0,
方剂_779,中药_90,包含,1.0,
方剂_779,中药_91,包含,1.0,
方剂_779,中药_89,包含,1.0,
方剂_779,中药_742,包含,1.0,
方剂_779,中药_11,包含,1.0,
方剂_779,中药_195,包含,1.0,
方剂_779,中药_780,包含,1.0,
方剂_779,中药_151,包含,1.0,
方剂_779,中药_781,包含,1.0,
方剂_779,中药_463,包含,1.0,
方剂_779,中药_352,包含,1.0,
方剂_779,中药_354,包含,1.0,
方剂_779,中药_782,包含,1.0,
方剂_779,中药_152,包含,1.0,
方剂_779,中药_232,包含,1.0,
方剂_779,中药_13,包含,1.0,
方剂_779,中药_37,包含,1.0,
症状_276,证型_788,关联,1.0,
症状_783,证型_788,关联,1.0,
症状_784,证型_788,关联,0.5,
症状_213,证型_788,关联,0.5,
症状_785,证型_788,关联,0.5,
症状_79,证型_788,关联,0.5,
症状_786,证型_788,关联,0.5,
症状_201,证型_788,关联,0.5,
症状_82,证型_788,关联,0.5,
症状_787,证型_788,关联,0.5,
症状_254,证型_788,关联,0.5,
症状_314,证型_788,关联,0.5,
症状_165,证型_788,关联,0.5,
症状_122,证型_788,关联,0.5,
症状_67,证型_788,关联,0.5,
症状_85,证型_788,关联,0.5,
症状_66,证型_788,关联,0.5,
证型_788,方剂_710,治疗,1.0,
方剂_710,中药_133,包含,1.0,
症状_247,证型_791,关联,1.0,
症状_399,证型_791,关联,1.0,
症状_789,证型_791,关联,0.5,
症状_279,证型_791,关联,0.5,
症状_790,证型_791,关联,0.5,
症状_77,证型_791,关联,0.5,
症状_120,证型_791,关联,0.5,
症状_79,证型_791,关联,0.5,
症状_82,证型_791,关联,0.5,
症状_162,证型_791,关联,0.5,
症状_62,证型_791,关联,0.5,
症状_218,证型_791,关联,0.5,
症状_255,证型_791,关联,0.5,
症状_67,证型_791,关联,0.5,
症状_84,证型_791,关联,0.5,
症状_85,证型_791,关联,0.5,
证型_791,方剂_667,治疗,1.0,
证型_791,方剂_792,治疗,1.0,
方剂_667,中药_15,包含,1.0,
方剂_667,中药_13,包含,1.0,
方剂_792,中药_185,包含,1.0,
方剂_792,中药_549,包含,1.0,
方剂_792,中药_546,包含,1.0,
方剂_792,中药_93,包含,1.0,
方剂_792,中药_310,包含,1.0,
方剂_792,中药_18,包含,1.0,
方剂_792,中药_152,包含,1.0,
方剂_792,中药_158,包含,1.0,
方剂_792,中药_37,包含,1.0,
方剂_792,中药_15,包含,1.0,
方剂_792,中药_13,包含,1.0,
症状_793,证型_795,关联,1.0,
症状_252,证型_795,关联,1.0,
症状_213,证型_795,关联,0.5,
症状_173,证型_795,关联,0.5,
症状_99,证型_795,关联,0.5,
症状_738,证型_795,关联,0.5,
症状_553,证型_795,关联,0.5,
症状_201,证型_795,关联,0.5,
症状_300,证型_795,关联,0.5,
症状_642,证型_795,关联,0.5,
症状_106,证型_795,关联,0.5,
症状_62,证型_795,关联,0.5,
症状_122,证型_795,关联,0.5,
症状_52,证型_795,关联,0.5,
症状_66,证型_795,关联,0.5,
症状_794,证型_795,关联,0.5,
证型_795,方剂_387,治疗,1.0,
证型_795,方剂_563,治疗,1.0,
方剂_387,中药_91,包含,1.0,
方剂_387,中药_625,包含,1.0,
方剂_387,中药_262,包含,1.0,
方剂_387,中药_208,包含,1.0,
方剂_387,中药_191,包含,1.0,
方剂_387,中药_796,包含,1.0,
方剂_563,中药_178,包含,1.0,
方剂_563,中药_95,包含,1.0,
方剂_563,中药_133,包含,1.0,
方剂_563,中药_262,包含,1.0,
方剂_563,中药_208,包含,1.0,
方剂_563,中药_191,包含,1.0,
方剂_563,中药_188,包含,1.0,
方剂_563,中药_796,包含,1.0,
方剂_563,中药_90,包含,1.0,
症状_714,方剂_803,治疗,1.0,
症状_797,方剂_803,治疗,1.0,
方剂_803,中药_804,包含,1.0,
方剂_803,中药_18,包含,1.0,
方剂_803,中药_477,包含,1.0,
方剂_803,中药_11,包含,1.0,
方剂_803,中药_233,包含,1.0,
方剂_803,中药_805,包含,1.0,
方剂_803,中药_607,包含,1.0,
方剂_803,中药_37,包含,1.0,
方剂_803,中药_10,包含,1.0,
方剂_803,中药_206,包含,1.0,
症状_459,方剂_810,治疗,1.0,
方剂_810,中药_209,包含,1.0,
方剂_810,中药_13,包含,1.0,
方剂_810,中药_811,包含,1.0,
方剂_810,中药_169,包含,1.0,
方剂_810,中药_37,包含,1.0,
方剂_810,中药_91,包含,1.0,
方剂_810,中药_621,包含,1.0,
方剂_810,中药_812,包含,1.0,
方剂_810,中药_90,包含,1.0,
方剂_810,中药_467,包含,1.0,
症状_96,证型_816,关联,1.0,
症状_101,证型_816,关联,1.0,
症状_371,证型_816,关联,0.5,
症状_813,证型_816,关联,0.5,
症状_814,证型_816,关联,0.5,
症状_815,证型_816,关联,0.5,
症状_162,证型_816,关联,0.5,
症状_228,证型_816,关联,0.5,
证型_816,方剂_817,治疗,1.0,
证型_816,方剂_168,治疗,1.0,
方剂_817,中药_208,包含,1.0,
方剂_817,中药_90,包含,1.0,
方剂_817,中药_37,包含,1.0,
方剂_817,中药_89,包含,1.0,
方剂_817,中药_18,包含,1.0,
方剂_817,中药_152,包含,1.0,
方剂_817,中药_91,包含,1.0,
方剂_817,中药_12,包含,1.0,
方剂_817,中药_194,包含,1.0,
方剂_817,中药_565,包含,1.0,
方剂_817,中药_600,包含,1.0,
方剂_817,中药_15,包含,1.0,
方剂_817,中药_329,包含,1.0,
方剂_817,中药_17,包含,1.0,
方剂_817,中药_127,包含,1.0,
方剂_817,中药_92,包含,1.0,
方剂_817,中药_93,包含,1.0,
方剂_817,中药_467,包含,1.0,
方剂_817,中药_493,包含,1.0,
方剂_817,中药_322,包含,1.0,
方剂_817,中药_438,包含,1.0,
方剂_168,中药_208,包含,1.0,
方剂_168,中药_152,包含,1.0,
方剂_168,中药_12,包含,1.0,
方剂_168,中药_194,包含,1.0,
方剂_168,中药_565,包含,1.0,
方剂_168,中药_600,包含,1.0,
方剂_168,中药_15,包含,1.0,
方剂_168,中药_329,包含,1.0,
方剂_168,中药_17,包含,1.0,
方剂_168,中药_467,包含,1.0,
方剂_168,中药_493,包含,1.0,
方剂_168,中药_322,包含,1.0,
方剂_168,中药_438,包含,1.0,
中药_971,中药_873,禁忌配伍,1.0,十八反
中药_971,中药_1020,禁忌配伍,1.0,十八反
中药_971,中药_972,禁忌配伍,1.0,十八反
中药_971,中药_947,禁忌配伍,1.0,十八反
中药_826,中药_1062,禁忌配伍,1.0,十八反
中药_826,中药_969,禁忌配伍,1.0,十八反
中药_826,中药_855,禁忌配伍,1.0,十八反
中药_826,中药_981,禁忌配伍,1.0,十八反
中药_826,中药_975,禁忌配伍,1.0,十八反
中药_574,中药_477,禁忌配伍,1.0,十八反
中药_574,中药_943,禁忌配伍,1.0,十八反
中药_574,中药_195,禁忌配伍,1.0,十八反
中药_574,中药_179,禁忌配伍,1.0,十八反
中药_574,中药_147,禁忌配伍,1.0,十八反
中药_574,中药_1016,禁忌配伍,1.0,十八反
中药_898,中药_1062,禁忌配伍,1.0,十八反
中药_1030,中药_1062,禁忌配伍,1.0,十八反
中药_898,中药_969,禁忌配伍,1.0,十八反
中药_1030,中药_969,禁忌配伍,1.0,十八反
中药_992,中药_921,禁忌配伍,1.0,十九畏
中药_941,中药_991,禁忌配伍,1.0,十九畏
中药_964,中药_892,禁忌配伍,1.0,十九畏
中药_901,中药_960,禁忌配伍,1.0,十九畏
中药_820,中药_322,禁忌配伍,1.0,十九畏
中药_958,中药_821,禁忌配伍,1.0,十九畏
中药_477,中药_155,禁忌配伍,1.0,十九畏
中药_891,中药_1063,禁忌配伍,1.0,十九畏
中药_898,中药_962,禁忌配伍,1.0,十九畏
中药_1030,中药_962,禁忌配伍,1.0,十九畏
中药_873,中药_971,禁忌配伍,1.0,十九畏
中药_1020,中药_971,禁忌配伍,1.0,十九畏
中药_947,中药_971,禁忌配伍,1.0,十九畏
中药_10,香草味_1115,HAS_FLAVOR,1.0,derived
中药_10,香草味_1116,HAS_FLAVOR,1.0,derived
中药_11,香草味_1115,HAS_FLAVOR,1.0,derived
中药_13,香草味_1119,HAS_FLAVOR,1.0,derived
中药_15,香草味_1121,HAS_FLAVOR,1.0,derived
中药_16,香草味_1119,HAS_FLAVOR,1.0,derived
中药_17,香草味_1115,HAS_FLAVOR,1.0,derived
中药_17,香草味_1116,HAS_FLAVOR,1.0,derived
中药_18,香草味_1124,HAS_FLAVOR,1.0,derived
中药_18,香草味_1119,HAS_FLAVOR,1.0,derived
中药_21,香草味_1119,HAS_FLAVOR,1.0,derived
中药_21,香草味_1125,HAS_FLAVOR,1.0,derived
中药_22,香草味_1121,HAS_FLAVOR,1.0,derived
中药_23,香草味_1119,HAS_FLAVOR,1.0,derived
中药_23,香草味_1115,HAS_FLAVOR,1.0,derived
中药_38,香草味_1115,HAS_FLAVOR,1.0,derived
中药_89,香草味_1119,HAS_FLAVOR,1.0,derived
中药_89,香草味_1127,HAS_FLAVOR,1.0,derived
中药_90,香草味_1121,HAS_FLAVOR,1.0,derived
中药_93,香草味_1124,HAS_FLAVOR,1.0,derived
中药_93,香草味_1119,HAS_FLAVOR,1.0,derived
中药_94,香草味_1119,HAS_FLAVOR,1.0,derived
中药_94,香草味_1125,HAS_FLAVOR,1.0,derived
中药_110,香草味_1119,HAS_FLAVOR,1.0,derived
中药_110,香草味_1115,HAS_FLAVOR,1.0,derived
中药_110,香草味_1125,HAS_FLAVOR,1.0,derived
中药_128,香草味_1115,HAS_FLAVOR,1.0,derived
中药_131,香草味_1115,HAS_FLAVOR,1.0,derived
中药_132,香草味_1115,HAS_FLAVOR,1.0,derived
中药_134,香草味_1119,HAS_FLAVOR,1.0,derived
中药_134,香草味_1115,HAS_FLAVOR,1.0,derived
中药_135,香草味_1115,HAS_FLAVOR,1.0,derived
中药_146,香草味_1119,HAS_FLAVOR,1.0,derived
中药_146,香草味_1127,HAS_FLAVOR,1.0,derived
中药_147,香草味_1121,HAS_FLAVOR,1.0,derived
中药_149,香草味_1121,HAS_FLAVOR,1.0,derived
中药_150,香草味_1115,HAS_FLAVOR,1.0,derived
中药_150,香草味_1116,HAS_FLAVOR,1.0,derived
中药_151,香草味_1115,HAS_FLAVOR,1.0,derived
中药_151,香草味_1116,HAS_FLAVOR,1.0,derived
中药_152,香草味_1119,HAS_FLAVOR,1.0,derived
中药_152,香草味_1127,HAS_FLAVOR,1.0,derived
中药_153,香草味_1115,HAS_FLAVOR,1.0,derived
中药_153,香草味_1125,HAS_FLAVOR,1.0,derived
中药_154,香草味_1119,HAS_FLAVOR,1.0,derived
中药_156,香草味_1121,HAS_FLAVOR,1.0,derived
中药_169,香草味_1119,HAS_FLAVOR,1.0,derived
中药_169,香草味_1127,HAS_FLAVOR,1.0,derived
中药_177,香草味_1119,HAS_FLAVOR,1.0,derived
中药_177,香草味_1115,HAS_FLAVOR,1.0,derived
中药_177,香草味_1125,HAS_FLAVOR,1.0,derived
中药_179,香草味_1119,HAS_FLAVOR,1.0,derived
中药_179,香草味_1115,HAS_FLAVOR,1.0,derived
中药_179,香草味_1130,HAS_FLAVOR,1.0,derived
中药_180,香草味_1115,HAS_FLAVOR,1.0,derived
中药_181,香草味_1119,HAS_FLAVOR,1.0,derived
中药_184,香草味_1119,HAS_FLAVOR,1.0,derived
中药_186,香草味_1115,HAS_FLAVOR,1.0,derived
中药_188,香草味_1119,HAS_FLAVOR,1.0,derived
中药_188,香草味_1115,HAS_FLAVOR,1.0,derived
中药_189,香草味_1115,HAS_FLAVOR,1.0,derived
中药_189,香草味_1116,HAS_FLAVOR,1.0,derived
中药_190,香草味_1119,HAS_FLAVOR,1.0,derived
中药_191,香草味_1115,HAS_FLAVOR,1.0,derived
中药_191,香草味_1116,HAS_FLAVOR,1.0,derived
中药_193,香草味_1119,HAS_FLAVOR,1.0,derived
中药_194,香草味_1115,HAS_FLAVOR,1.0,derived
中药_194,香草味_1116,HAS_FLAVOR,1.0,derived
中药_195,香草味_1115,HAS_FLAVOR,1.0,derived
中药_196,香草味_1119,HAS_FLAVOR,1.0,derived
中药_196,香草味_1115,HAS_FLAVOR,1.0,derived
中药_203,香草味_1121,HAS_FLAVOR,1.0,derived
中药_205,香草味_1115,HAS_FLAVOR,1.0,derived
中药_208,香草味_1121,HAS_FLAVOR,1.0,derived
中药_210,香草味_1119,HAS_FLAVOR,1.0,derived
中药_210,香草味_1131,HAS_FLAVOR,1.0,derived
中药_232,香草味_1119,HAS_FLAVOR,1.0,derived
中药_232,香草味_1127,HAS_FLAVOR,1.0,derived
中药_233,香草味_1119,HAS_FLAVOR,1.0,derived
中药_233,香草味_1131,HAS_FLAVOR,1.0,derived
中药_240,香草味_1115,HAS_FLAVOR,1.0,derived
中药_241,香草味_1132,HAS_FLAVOR,1.0,derived
中药_241,香草味_1116,HAS_FLAVOR,1.0,derived
中药_244,香草味_1115,HAS_FLAVOR,1.0,derived
中药_272,香草味_1115,HAS_FLAVOR,1.0,derived
中药_272,香草味_1125,HAS_FLAVOR,1.0,derived
中药_272,香草味_1116,HAS_FLAVOR,1.0,derived
中药_308,香草味_1119,HAS_FLAVOR,1.0,derived
中药_309,香草味_1115,HAS_FLAVOR,1.0,derived
中药_309,香草味_1116,HAS_FLAVOR,1.0,derived
中药_310,香草味_1115,HAS_FLAVOR,1.0,derived
中药_310,香草味_1116,HAS_FLAVOR,1.0,derived
中药_317,香草味_1119,HAS_FLAVOR,1.0,derived
中药_317,香草味_1125,HAS_FLAVOR,1.0,derived
中药_322,香草味_1115,HAS_FLAVOR,1.0,derived
中药_322,香草味_1116,HAS_FLAVOR,1.0,derived
中药_327,香草味_1119,HAS_FLAVOR,1.0,derived
中药_327,香草味_1125,HAS_FLAVOR,1.0,derived
中药_328,香草味_1115,HAS_FLAVOR,1.0,derived
中药_329,香草味_1115,HAS_FLAVOR,1.0,derived
中药_329,香草味_1116,HAS_FLAVOR,1.0,derived
中药_330,香草味_1119,HAS_FLAVOR,1.0,derived
中药_350,香草味_1119,HAS_FLAVOR,1.0,derived
中药_352,香草味_1119,HAS_FLAVOR,1.0,derived
中药_352,香草味_1115,HAS_FLAVOR,1.0,derived
中药_353,香草味_1115,HAS_FLAVOR,1.0,derived
中药_353,香草味_1116,HAS_FLAVOR,1.0,derived
中药_354,香草味_1119,HAS_FLAVOR,1.0,derived
中药_413,香草味_1121,HAS_FLAVOR,1.0,derived
中药_435,香草味_1115,HAS_FLAVOR,1.0,derived
中药_436,香草味_1115,HAS_FLAVOR,1.0,derived
中药_438,香草味_1115,HAS_FLAVOR,1.0,derived
中药_438,香草味_1116,HAS_FLAVOR,1.0,derived
中药_452,香草味_1119,HAS_FLAVOR,1.0,derived
中药_453,香草味_1115,HAS_FLAVOR,1.0,derived
中药_453,香草味_1116,HAS_FLAVOR,1.0,derived
中药_454,香草味_1124,HAS_FLAVOR,1.0,derived
中药_454,香草味_1119,HAS_FLAVOR,1.0,derived
中药_456,香草味_1119,HAS_FLAVOR,1.0,derived
中药_457,香草味_1119,HAS_FLAVOR,1.0,derived
中药_458,香草味_1119,HAS_FLAVOR,1.0,derived
中药_463,香草味_1115,HAS_FLAVOR,1.0,derived
中药_463,香草味_1116,HAS_FLAVOR,1.0,derived
中药_464,香草味_1125,HAS_FLAVOR,1.0,derived
中药_465,香草味_1115,HAS_FLAVOR,1.0,derived
中药_465,香草味_1116,HAS_FLAVOR,1.0,derived
中药_466,香草味_1133,HAS_FLAVOR,1.0,derived
中药_466,香草味_1127,HAS_FLAVOR,1.0,derived
中药_467,香草味_1119,HAS_FLAVOR,1.0,derived
中药_477,香草味_1119,HAS_FLAVOR,1.0,derived
中药_477,香草味_1131,HAS_FLAVOR,1.0,derived
中药_493,香草味_1134,HAS_FLAVOR,1.0,derived
中药_493,香草味_1131,HAS_FLAVOR,1.0,derived
中药_493,香草味_1127,HAS_FLAVOR,1.0,derived
中药_494,香草味_1115,HAS_FLAVOR,1.0,derived
中药_494,香草味_1116,HAS_FLAVOR,1.0,derived
中药_546,香草味_1132,HAS_FLAVOR,1.0,derived
中药_546,香草味_1125,HAS_FLAVOR,1.0,derived
中药_549,香草味_1119,HAS_FLAVOR,1.0,derived
中药_565,香草味_1115,HAS_FLAVOR,1.0,derived
中药_565,香草味_1125,HAS_FLAVOR,1.0,derived
中药_565,香草味_1116,HAS_FLAVOR,1.0,derived
中药_570,香草味_1119,HAS_FLAVOR,1.0,derived
中药_570,香草味_1131,HAS_FLAVOR,1.0,derived
中药_572,香草味_1115,HAS_FLAVOR,1.0,derived
中药_572,香草味_1116,HAS_FLAVOR,1.0,derived
中药_573,香草味_1135,HAS_FLAVOR,1.0,derived
中药_587,香草味_1115,HAS_FLAVOR,1.0,derived
中药_587,香草味_1116,HAS_FLAVOR,1.0,derived
中药_588,香草味_1119,HAS_FLAVOR,1.0,derived
中药_588,香草味_1115,HAS_FLAVOR,1.0,derived
中药_600,香草味_1115,HAS_FLAVOR,1.0,derived
中药_600,香草味_1116,HAS_FLAVOR,1.0,derived
中药_619,香草味_1119,HAS_FLAVOR,1.0,derived
中药_619,香草味_1131,HAS_FLAVOR,1.0,derived
中药_619,香草味_1127,HAS_FLAVOR,1.0,derived
中药_621,香草味_1115,HAS_FLAVOR,1.0,derived
中药_650,香草味_1119,HAS_FLAVOR,1.0,derived
中药_656,香草味_1119,HAS_FLAVOR,1.0,derived
中药_656,香草味_1115,HAS_FLAVOR,1.0,derived
中药_658,香草味_1121,HAS_FLAVOR,1.0,derived
中药_685,香草味_1115,HAS_FLAVOR,1.0,derived
中药_685,香草味_1116,HAS_FLAVOR,1.0,derived
中药_686,香草味_1121,HAS_FLAVOR,1.0,derived
中药_711,香草味_1119,HAS_FLAVOR,1.0,derived
中药_711,香草味_1115,HAS_FLAVOR,1.0,derived
中药_716,香草味_1119,HAS_FLAVOR,1.0,derived
中药_716,香草味_1115,HAS_FLAVOR,1.0,derived
中药_717,香草味_1119,HAS_FLAVOR,1.0,derived
中药_718,香草味_1121,HAS_FLAVOR,1.0,derived
中药_719,香草味_1119,HAS_FLAVOR,1.0,derived
中药_720,香草味_1119,HAS_FLAVOR,1.0,derived
中药_722,香草味_1119,HAS_FLAVOR,1.0,derived
中药_722,香草味_1115,HAS_FLAVOR,1.0,derived
中药_730,香草味_1121,HAS_FLAVOR,1.0,derived
中药_732,香草味_1115,HAS_FLAVOR,1.0,derived
中药_742,香草味_1121,HAS_FLAVOR,1.0,derived
中药_743,香草味_1119,HAS_FLAVOR,1.0,derived
中药_743,香草味_1131,HAS_FLAVOR,1.0,derived
中药_750,香草味_1124,HAS_FLAVOR,1.0,derived
中药_750,香草味_1119,HAS_FLAVOR,1.0,derived
中药_765,香草味_1115,HAS_FLAVOR,1.0,derived
中药_765,香草味_1116,HAS_FLAVOR,1.0,derived
中药_780,香草味_1115,HAS_FLAVOR,1.0,derived
中药_780,香草味_1116,HAS_FLAVOR,1.0,derived
中药_782,香草味_1115,HAS_FLAVOR,1.0,derived
中药_782,香草味_1116,HAS_FLAVOR,1.0,derived
中药_804,香草味_1119,HAS_FLAVOR,1.0,derived
中药_804,香草味_1132,HAS_FLAVOR,1.0,derived
中药_805,香草味_1119,HAS_FLAVOR,1.0,derived
中药_811,香草味_1115,HAS_FLAVOR,1.0,derived
中药_811,香草味_1116,HAS_FLAVOR,1.0,derived
中药_812,香草味_1134,HAS_FLAVOR,1.0,derived
中药_812,香草味_1127,HAS_FLAVOR,1.0,derived
中药_818,香草味_1115,HAS_FLAVOR,1.0,derived
中药_818,香草味_1116,HAS_FLAVOR,1.0,derived
中药_819,香草味_1121,HAS_FLAVOR,1.0,derived
中药_820,香草味_1121,HAS_FLAVOR,1.0,derived
中药_821,香草味_1115,HAS_FLAVOR,1.0,derived
中药_821,香草味_1116,HAS_FLAVOR,1.0,derived
中药_822,香草味_1119,HAS_FLAVOR,1.0,derived
中药_822,香草味_1127,HAS_FLAVOR,1.0,derived
中药_823,香草味_1115,HAS_FLAVOR,1.0,derived
中药_824,香草味_1119,HAS_FLAVOR,1.0,derived
中药_825,香草味_1115,HAS_FLAVOR,1.0,derived
中药_825,香草味_1116,HAS_FLAVOR,1.0,derived
中药_827,香草味_1132,HAS_FLAVOR,1.0,derived
中药_827,香草味_1125,HAS_FLAVOR,1.0,derived
中药_828,香草味_1121,HAS_FLAVOR,1.0,derived
中药_829,香草味_1131,HAS_FLAVOR,1.0,derived
中药_829,香草味_1116,HAS_FLAVOR,1.0,derived
中药_830,香草味_1127,HAS_FLAVOR,1.0,derived
中药_830,香草味_1135,HAS_FLAVOR,1.0,derived
中药_830,香草味_1119,HAS_FLAVOR,1.0,derived
中药_831,香草味_1119,HAS_FLAVOR,1.0,derived
中药_832,香草味_1119,HAS_FLAVOR,1.0,derived
中药_832,香草味_1115,HAS_FLAVOR,1.0,derived
中药_833,香草味_1121,HAS_FLAVOR,1.0,derived
中药_834,香草味_1135,HAS_FLAVOR,1.0,derived
中药_835,香草味_1119,HAS_FLAVOR,1.0,derived
中药_835,香草味_1115,HAS_FLAVOR,1.0,derived
中药_836,香草味_1119,HAS_FLAVOR,1.0,derived
中药_836,香草味_1115,HAS_FLAVOR,1.0,derived
中药_836,香草味_1132,HAS_FLAVOR,1.0,derived
中药_837,香草味_1115,HAS_FLAVOR,1.0,derived
中药_837,香草味_1125,HAS_FLAVOR,1.0,derived
中药_837,香草味_1116,HAS_FLAVOR,1.0,derived
中药_838,香草味_1121,HAS_FLAVOR,1.0,derived
中药_839,香草味_1119,HAS_FLAVOR,1.0,derived
中药_840,香草味_1115,HAS_FLAVOR,1.0,derived
中药_840,香草味_1134,HAS_FLAVOR,1.0,derived
中药_841,香草味_1119,HAS_FLAVOR,1.0,derived
中药_841,香草味_1127,HAS_FLAVOR,1.0,derived
中药_842,香草味_1119,HAS_FLAVOR,1.0,derived
中药_842,香草味_1115,HAS_FLAVOR,1.0,derived
中药_843,香草味_1119,HAS_FLAVOR,1.0,derived
中药_844,香草味_1115,HAS_FLAVOR,1.0,derived
中药_844,香草味_1116,HAS_FLAVOR,1.0,derived
中药_845,香草味_1119,HAS_FLAVOR,1.0,derived
中药_845,香草味_1115,HAS_FLAVOR,1.0,derived
中药_845,香草味_1130,HAS_FLAVOR,1.0,derived
中药_846,香草味_1119,HAS_FLAVOR,1.0,derived
中药_847,香草味_1131,HAS_FLAVOR,1.0,derived
中药_847,香草味_1116,HAS_FLAVOR,1.0,derived
中药_848,香草味_1115,HAS_FLAVOR,1.0,derived
中药_848,香草味_1116,HAS_FLAVOR,1.0,derived
中药_849,香草味_1116,HAS_FLAVOR,1.0,derived
中药_849,香草味_1115,HAS_FLAVOR,1.0,derived
中药_850,香草味_1115,HAS_FLAVOR,1.0,derived
中药_851,香草味_1124,HAS_FLAVOR,1.0,derived
中药_851,香草味_1119,HAS_FLAVOR,1.0,derived
中药_851,香草味_1115,HAS_FLAVOR,1.0,derived
中药_852,香草味_1115,HAS_FLAVOR,1.0,derived
中药_853,香草味_1115,HAS_FLAVOR,1.0,derived
中药_854,香草味_1121,HAS_FLAVOR,1.0,derived
中药_855,香草味_1121,HAS_FLAVOR,1.0,derived
中药_856,香草味_1115,HAS_FLAVOR,1.0,derived
中药_856,香草味_1116,HAS_FLAVOR,1.0,derived
中药_857,香草味_1121,HAS_FLAVOR,1.0,derived
中药_858,香草味_1119,HAS_FLAVOR,1.0,derived
中药_858,香草味_1125,HAS_FLAVOR,1.0,derived
中药_859,香草味_1115,HAS_FLAVOR,1.0,derived
中药_859,香草味_1116,HAS_FLAVOR,1.0,derived
中药_860,香草味_1121,HAS_FLAVOR,1.0,derived
中药_861,香草味_1119,HAS_FLAVOR,1.0,derived
中药_862,香草味_1115,HAS_FLAVOR,1.0,derived
中药_863,香草味_1135,HAS_FLAVOR,1.0,derived
中药_864,香草味_1115,HAS_FLAVOR,1.0,derived
中药_864,香草味_1116,HAS_FLAVOR,1.0,derived
中药_865,香草味_1121,HAS_FLAVOR,1.0,derived
中药_866,香草味_1115,HAS_FLAVOR,1.0,derived
中药_867,香草味_1136,HAS_FLAVOR,1.0,derived
中药_867,香草味_1137,HAS_FLAVOR,1.0,derived
中药_867,香草味_1138,HAS_FLAVOR,1.0,derived
中药_868,香草味_1119,HAS_FLAVOR,1.0,derived
中药_868,香草味_1115,HAS_FLAVOR,1.0,derived
中药_869,香草味_1119,HAS_FLAVOR,1.0,derived
中药_870,香草味_1119,HAS_FLAVOR,1.0,derived
中药_870,香草味_1125,HAS_FLAVOR,1.0,derived
中药_871,香草味_1115,HAS_FLAVOR,1.0,derived
中药_871,香草味_1139,HAS_FLAVOR,1.0,derived
中药_872,香草味_1115,HAS_FLAVOR,1.0,derived
中药_872,香草味_1116,HAS_FLAVOR,1.0,derived
中药_874,香草味_1133,HAS_FLAVOR,1.0,derived
中药_874,香草味_1127,HAS_FLAVOR,1.0,derived
中药_875,香草味_1121,HAS_FLAVOR,1.0,derived
中药_876,香草味_1119,HAS_FLAVOR,1.0,derived
中药_876,香草味_1115,HAS_FLAVOR,1.0,derived
中药_877,香草味_1115,HAS_FLAVOR,1.0,derived
中药_878,香草味_1115,HAS_FLAVOR,1.0,derived
中药_879,香草味_1115,HAS_FLAVOR,1.0,derived
中药_880,香草味_1115,HAS_FLAVOR,1.0,derived
中药_880,香草味_1116,HAS_FLAVOR,1.0,derived
中药_881,香草味_1115,HAS_FLAVOR,1.0,derived
中药_882,香草味_1119,HAS_FLAVOR,1.0,derived
中药_882,香草味_1115,HAS_FLAVOR,1.0,derived
中药_883,香草味_1115,HAS_FLAVOR,1.0,derived
中药_883,香草味_1116,HAS_FLAVOR,1.0,derived
中药_884,香草味_1119,HAS_FLAVOR,1.0,derived
中药_885,香草味_1119,HAS_FLAVOR,1.0,derived
中药_885,香草味_1131,HAS_FLAVOR,1.0,derived
中药_886,香草味_1119,HAS_FLAVOR,1.0,derived
中药_886,香草味_1115,HAS_FLAVOR,1.0,derived
中药_887,香草味_1115,HAS_FLAVOR,1.0,derived
中药_888,香草味_1115,HAS_FLAVOR,1.0,derived
中药_888,香草味_1116,HAS_FLAVOR,1.0,derived
中药_889,香草味_1119,HAS_FLAVOR,1.0,derived
中药_890,香草味_1115,HAS_FLAVOR,1.0,derived
中药_890,香草味_1116,HAS_FLAVOR,1.0,derived
中药_893,香草味_1119,HAS_FLAVOR,1.0,derived
中药_893,香草味_1115,HAS_FLAVOR,1.0,derived
中药_894,香草味_1119,HAS_FLAVOR,1.0,derived
中药_894,香草味_1139,HAS_FLAVOR,1.0,derived
中药_895,香草味_1115,HAS_FLAVOR,1.0,derived
中药_896,香草味_1115,HAS_FLAVOR,1.0,derived
中药_897,香草味_1135,HAS_FLAVOR,1.0,derived
中药_898,香草味_1115,HAS_FLAVOR,1.0,derived
中药_898,香草味_1116,HAS_FLAVOR,1.0,derived
中药_899,香草味_1115,HAS_FLAVOR,1.0,derived
中药_899,香草味_1116,HAS_FLAVOR,1.0,derived
中药_900,香草味_1119,HAS_FLAVOR,1.0,derived
中药_900,香草味_1127,HAS_FLAVOR,1.0,derived
中药_901,香草味_1121,HAS_FLAVOR,1.0,derived
中药_902,香草味_1121,HAS_FLAVOR,1.0,derived
中药_903,香草味_1115,HAS_FLAVOR,1.0,derived
中药_903,香草味_1116,HAS_FLAVOR,1.0,derived
中药_904,香草味_1119,HAS_FLAVOR,1.0,derived
中药_904,香草味_1115,HAS_FLAVOR,1.0,derived
中药_905,香草味_1121,HAS_FLAVOR,1.0,derived
中药_906,香草味_1119,HAS_FLAVOR,1.0,derived
中药_907,香草味_1115,HAS_FLAVOR,1.0,derived
中药_908,香草味_1121,HAS_FLAVOR,1.0,derived
中药_909,香草味_1119,HAS_FLAVOR,1.0,derived
中药_910,香草味_1131,HAS_FLAVOR,1.0,derived
中药_910,香草味_1116,HAS_FLAVOR,1.0,derived
中药_911,香草味_1135,HAS_FLAVOR,1.0,derived
中药_912,香草味_1115,HAS_FLAVOR,1.0,derived
中药_913,香草味_1115,HAS_FLAVOR,1.0,derived
中药_913,香草味_1130,HAS_FLAVOR,1.0,derived
中药_913,香草味_1116,HAS_FLAVOR,1.0,derived
中药_914,香草味_1130,HAS_FLAVOR,1.0,derived
中药_915,香草味_1119,HAS_FLAVOR,1.0,derived
中药_915,香草味_1131,HAS_FLAVOR,1.0,derived
中药_916,香草味_1119,HAS_FLAVOR,1.0,derived
中药_916,香草味_1131,HAS_FLAVOR,1.0,derived
中药_917,香草味_1119,HAS_FLAVOR,1.0,derived
中药_917,香草味_1115,HAS_FLAVOR,1.0,derived
中药_918,香草味_1119,HAS_FLAVOR,1.0,derived
中药_918,香草味_1115,HAS_FLAVOR,1.0,derived
中药_919,香草味_1115,HAS_FLAVOR,1.0,derived
中药_919,香草味_1134,HAS_FLAVOR,1.0,derived
中药_920,香草味_1131,HAS_FLAVOR,1.0,derived
中药_920,香草味_1116,HAS_FLAVOR,1.0,derived
中药_922,香草味_1119,HAS_FLAVOR,1.0,derived
中药_922,香草味_1115,HAS_FLAVOR,1.0,derived
中药_923,香草味_1125,HAS_FLAVOR,1.0,derived
中药_924,香草味_1115,HAS_FLAVOR,1.0,derived
中药_925,香草味_1115,HAS_FLAVOR,1.0,derived
中药_926,香草味_1119,HAS_FLAVOR,1.0,derived
中药_927,香草味_1135,HAS_FLAVOR,1.0,derived
中药_928,香草味_1119,HAS_FLAVOR,1.0,derived
中药_929,香草味_1135,HAS_FLAVOR,1.0,derived
中药_930,香草味_1115,HAS_FLAVOR,1.0,derived
中药_931,香草味_1131,HAS_FLAVOR,1.0,derived
中药_932,香草味_1135,HAS_FLAVOR,1.0,derived
中药_933,香草味_1131,HAS_FLAVOR,1.0,derived
中药_934,香草味_1115,HAS_FLAVOR,1.0,derived
中药_935,香草味_1115,HAS_FLAVOR,1.0,derived
中药_936,香草味_1115,HAS_FLAVOR,1.0,derived
中药_936,香草味_1116,HAS_FLAVOR,1.0,derived
中药_937,香草味_1115,HAS_FLAVOR,1.0,derived
中药_938,香草味_1115,HAS_FLAVOR,1.0,derived
中药_939,香草味_1121,HAS_FLAVOR,1.0,derived
中药_940,香草味_1131,HAS_FLAVOR,1.0,derived
中药_940,香草味_1116,HAS_FLAVOR,1.0,derived
中药_942,香草味_1115,HAS_FLAVOR,1.0,derived
中药_944,香草味_1115,HAS_FLAVOR,1.0,derived
中药_944,香草味_1116,HAS_FLAVOR,1.0,derived
中药_945,香草味_1121,HAS_FLAVOR,1.0,derived
中药_946,香草味_1121,HAS_FLAVOR,1.0,derived
中药_948,香草味_1115,HAS_FLAVOR,1.0,derived
中药_948,香草味_1130,HAS_FLAVOR,1.0,derived
中药_949,香草味_1119,HAS_FLAVOR,1.0,derived
中药_949,香草味_1130,HAS_FLAVOR,1.0,derived
中药_950,香草味_1115,HAS_FLAVOR,1.0,derived
中药_950,香草味_1116,HAS_FLAVOR,1.0,derived
中药_951,香草味_1115,HAS_FLAVOR,1.0,derived
中药_951,香草味_1116,HAS_FLAVOR,1.0,derived
中药_952,香草味_1115,HAS_FLAVOR,1.0,derived
中药_953,香草味_1119,HAS_FLAVOR,1.0,derived
中药_954,香草味_1124,HAS_FLAVOR,1.0,derived
中药_954,香草味_1119,HAS_FLAVOR,1.0,derived
中药_955,香草味_1131,HAS_FLAVOR,1.0,derived
中药_955,香草味_1116,HAS_FLAVOR,1.0,derived
中药_956,香草味_1119,HAS_FLAVOR,1.0,derived
中药_957,香草味_1115,HAS_FLAVOR,1.0,derived
中药_959,香草味_1131,HAS_FLAVOR,1.0,derived
中药_959,香草味_1116,HAS_FLAVOR,1.0,derived
中药_961,香草味_1115,HAS_FLAVOR,1.0,derived
中药_963,香草味_1119,HAS_FLAVOR,1.0,derived
中药_963,香草味_1115,HAS_FLAVOR,1.0,derived
中药_964,香草味_1121,HAS_FLAVOR,1.0,derived
中药_965,香草味_1127,HAS_FLAVOR,1.0,derived
中药_965,香草味_1133,HAS_FLAVOR,1.0,derived
中药_966,香草味_1115,HAS_FLAVOR,1.0,derived
中药_967,香草味_1119,HAS_FLAVOR,1.0,derived
中药_967,香草味_1131,HAS_FLAVOR,1.0,derived
中药_968,香草味_1134,HAS_FLAVOR,1.0,derived
中药_968,香草味_1115,HAS_FLAVOR,1.0,derived
中药_969,香草味_1119,HAS_FLAVOR,1.0,derived
中药_969,香草味_1131,HAS_FLAVOR,1.0,derived
中药_970,香草味_1119,HAS_FLAVOR,1.0,derived
中药_970,香草味_1127,HAS_FLAVOR,1.0,derived
中药_971,香草味_1119,HAS_FLAVOR,1.0,derived
中药_972,香草味_1115,HAS_FLAVOR,1.0,derived
中药_973,香草味_1119,HAS_FLAVOR,1.0,derived
中药_973,香草味_1115,HAS_FLAVOR,1.0,derived
中药_974,香草味_1115,HAS_FLAVOR,1.0,derived
中药_974,香草味_1116,HAS_FLAVOR,1.0,derived
中药_975,香草味_1119,HAS_FLAVOR,1.0,derived
中药_975,香草味_1115,HAS_FLAVOR,1.0,derived
中药_976,香草味_1115,HAS_FLAVOR,1.0,derived
中药_977,香草味_1115,HAS_FLAVOR,1.0,derived
中药_978,香草味_1119,HAS_FLAVOR,1.0,derived
中药_978,香草味_1115,HAS_FLAVOR,1.0,derived
中药_979,香草味_1119,HAS_FLAVOR,1.0,derived
中药_979,香草味_1115,HAS_FLAVOR,1.0,derived
中药_979,香草味_1132,HAS_FLAVOR,1.0,derived
中药_980,香草味_1115,HAS_FLAVOR,1.0,derived
中药_980,香草味_1125,HAS_FLAVOR,1.0,derived
中药_981,香草味_1119,HAS_FLAVOR,1.0,derived
中药_981,香草味_1115,HAS_FLAVOR,1.0,derived
中药_981,香草味_1127,HAS_FLAVOR,1.0,derived
中药_982,香草味_1115,HAS_FLAVOR,1.0,derived
中药_982,香草味_1130,HAS_FLAVOR,1.0,derived
中药_983,香草味_1121,HAS_FLAVOR,1.0,derived
中药_984,香草味_1119,HAS_FLAVOR,1.0,derived
中药_985,香草味_1121,HAS_FLAVOR,1.0,derived
中药_986,香草味_1121,HAS_FLAVOR,1.0,derived
中药_987,香草味_1115,HAS_FLAVOR,1.0,derived
中药_988,香草味_1132,HAS_FLAVOR,1.0,derived
中药_988,香草味_1125,HAS_FLAVOR,1.0,derived
中药_989,香草味_1115,HAS_FLAVOR,1.0,derived
中药_989,香草味_1116,HAS_FLAVOR,1.0,derived
中药_990,香草味_1119,HAS_FLAVOR,1.0,derived
中药_990,香草味_1115,HAS_FLAVOR,1.0,derived
中药_993,香草味_1115,HAS_FLAVOR,1.0,derived
中药_993,香草味_1116,HAS_FLAVOR,1.0,derived
中药_994,香草味_1115,HAS_FLAVOR,1.0,derived
中药_995,香草味_1115,HAS_FLAVOR,1.0,derived
中药_996,香草味_1115,HAS_FLAVOR,1.0,derived
中药_996,香草味_1134,HAS_FLAVOR,1.0,derived
中药_997,香草味_1115,HAS_FLAVOR,1.0,derived
中药_998,香草味_1115,HAS_FLAVOR,1.0,derived
中药_998,香草味_1116,HAS_FLAVOR,1.0,derived
中药_999,香草味_1121,HAS_FLAVOR,1.0,derived
中药_1000,香草味_1119,HAS_FLAVOR,1.0,derived
中药_1000,香草味_1130,HAS_FLAVOR,1.0,derived
中药_1001,香草味_1115,HAS_FLAVOR,1.0,derived
中药_1001,香草味_1116,HAS_FLAVOR,1.0,derived
中药_1002,香草味_1119,HAS_FLAVOR,1.0,derived
中药_1002,香草味_1115,HAS_FLAVOR,1.0,derived
中药_1003,香草味_1115,HAS_FLAVOR,1.0,derived
中药_1003,香草味_1116,HAS_FLAVOR,1.0,derived
中药_1004,香草味_1115,HAS_FLAVOR,1.0,derived
中药_1005,香草味_1132,HAS_FLAVOR,1.0,derived
中药_1005,香草味_1125,HAS_FLAVOR,1.0,derived
中药_1006,香草味_1119,HAS_FLAVOR,1.0,derived
中药_1006,香草味_1115,HAS_FLAVOR,1.0,derived
中药_1007,香草味_1119,HAS_FLAVOR,1.0,derived
中药_1008,香草味_1115,HAS_FLAVOR,1.0,derived
中药_1008,香草味_1116,HAS_FLAVOR,1.0,derived
中药_1009,香草味_1119,HAS_FLAVOR,1.0,derived
中药_1009,香草味_1130,HAS_FLAVOR,1.0,derived
中药_1010,香草味_1121,HAS_FLAVOR,1.0,derived
中药_1011,香草味_1115,HAS_FLAVOR,1.0,derived
中药_1011,香草味_1116,HAS_FLAVOR,1.0,derived
中药_1012,香草味_1119,HAS_FLAVOR,1.0,derived
中药_1013,香草味_1121,HAS_FLAVOR,1.0,derived
中药_1014,香草味_1115,HAS_FLAVOR,1.0,derived
中药_1015,香草味_1115,HAS_FLAVOR,1.0,derived
中药_1017,香草味_1119,HAS_FLAVOR,1.0,derived
中药_1017,香草味_1132,HAS_FLAVOR,1.0,derived
中药_1018,香草味_1121,HAS_FLAVOR,1.0,derived
中药_1019,香草味_1115,HAS_FLAVOR,1.0,derived
中药_1020,香草味_1115,HAS_FLAVOR,1.0,derived
中药_1020,香草味_1116,HAS_FLAVOR,1.0,derived
中药_1021,香草味_1121,HAS_FLAVOR,1.0,derived
中药_1022,香草味_1121,HAS_FLAVOR,1.0,derived
中药_1023,香草味_1119,HAS_FLAVOR,1.0,derived
中药_1023,香草味_1130,HAS_FLAVOR,1.0,derived
中药_1024,香草味_1115,HAS_FLAVOR,1.0,derived
中药_1025,香草味_1115,HAS_FLAVOR,1.0,derived
中药_1026,香草味_1115,HAS_FLAVOR,1.0,derived
中药_1027,香草味_1115,HAS_FLAVOR,1.0,derived
中药_1028,香草味_1115,HAS_FLAVOR,1.0,derived
中药_1029,香草味_1115,HAS_FLAVOR,1.0,derived
中药_1029,香草味_1116,HAS_FLAVOR,1.0,derived
中药_1030,香草味_1115,HAS_FLAVOR,1.0,derived
中药_1030,香草味_1116,HAS_FLAVOR,1.0,derived
中药_1031,香草味_1121,HAS_FLAVOR,1.0,derived
中药_1032,香草味_1121,HAS_FLAVOR,1.0,derived
中药_1033,香草味_1121,HAS_FLAVOR,1.0,derived
中药_1034,香草味_1121,HAS_FLAVOR,1.0,derived
中药_1035,香草味_1134,HAS_FLAVOR,1.0,derived
中药_1036,香草味_1115,HAS_FLAVOR,1.0,derived
中药_1036,香草味_1116,HAS_FLAVOR,1.0,derived
中药_1037,香草味_1115,HAS_FLAVOR,1.0,derived
中药_1038,香草味_1131,HAS_FLAVOR,1.0,derived
中药_1038,香草味_1130,HAS_FLAVOR,1.0,derived
中药_1039,香草味_1119,HAS_FLAVOR,1.0,derived
中药_1039,香草味_1132,HAS_FLAVOR,1.0,derived
中药_1039,香草味_1131,HAS_FLAVOR,1.0,derived
中药_1040,香草味_1119,HAS_FLAVOR,1.0,derived
中药_1040,香草味_1127,HAS_FLAVOR,1.0,derived
中药_1041,香草味_1121,HAS_FLAVOR,1.0,derived
中药_1042,香草味_1115,HAS_FLAVOR,1.0,derived
中药_1043,香草味_1115,HAS_FLAVOR,1.0,derived
中药_1043,香草味_1116,HAS_FLAVOR,1.0,derived
中药_1044,香草味_1115,HAS_FLAVOR,1.0,derived
中药_1044,香草味_1125,HAS_FLAVOR,1.0,derived
中药_1045,香草味_1119,HAS_FLAVOR,1.0,derived
中药_1045,香草味_1127,HAS_FLAVOR,1.0,derived
中药_1046,香草味_1115,HAS_FLAVOR,1.0,derived
中药_1047,香草味_1124,HAS_FLAVOR,1.0,derived
中药_1047,香草味_1119,HAS_FLAVOR,1.0,derived
中药_1048,香草味_1115,HAS_FLAVOR,1.0,derived
中药_1048,香草味_1116,HAS_FLAVOR,1.0,derived
中药_1049,香草味_1121,HAS_FLAVOR,1.0,derived
中药_1050,香草味_1119,HAS_FLAVOR,1.0,derived
中药_1050,香草味_1132,HAS_FLAVOR,1.0,derived
中药_1051,香草味_1131,HAS_FLAVOR,1.0,derived
中药_1052,香草味_1115,HAS_FLAVOR,1.0,derived
中药_1052,香草味_1116,HAS_FLAVOR,1.0,derived
中药_1053,香草味_1131,HAS_FLAVOR,1.0,derived
中药_1053,香草味_1116,HAS_FLAVOR,1.0,derived
中药_1054,香草味_1119,HAS_FLAVOR,1.0,derived
中药_1054,香草味_1130,HAS_FLAVOR,1.0,derived
中药_1055,香草味_1121,HAS_FLAVOR,1.0,derived
中药_1056,香草味_1119,HAS_FLAVOR,1.0,derived
中药_1056,香草味_1131,HAS_FLAVOR,1.0,derived
中药_1057,香草味_1119,HAS_FLAVOR,1.0,derived
中药_1057,香草味_1125,HAS_FLAVOR,1.0,derived
中药_1058,香草味_1136,HAS_FLAVOR,1.0,derived
中药_1058,香草味_1137,HAS_FLAVOR,1.0,derived
中药_1058,香草味_1138,HAS_FLAVOR,1.0,derived
中药_1059,香草味_1119,HAS_FLAVOR,1.0,derived
中药_1059,香草味_1127,HAS_FLAVOR,1.0,derived
中药_1060,香草味_1121,HAS_FLAVOR,1.0,derived
中药_1061,香草味_1115,HAS_FLAVOR,1.0,derived
中药_1061,香草味_1116,HAS_FLAVOR,1.0,derived
中药_1064,香草味_1121,HAS_FLAVOR,1.0,derived
中药_1065,香草味_1131,HAS_FLAVOR,1.0,derived
中药_1065,香草味_1116,HAS_FLAVOR,1.0,derived
中药_1066,香草味_1119,HAS_FLAVOR,1.0,derived
中药_1066,香草味_1131,HAS_FLAVOR,1.0,derived
中药_1067,香草味_1119,HAS_FLAVOR,1.0,derived
中药_1067,香草味_1115,HAS_FLAVOR,1.0,derived
中药_1067,香草味_1127,HAS_FLAVOR,1.0,derived
中药_1068,香草味_1131,HAS_FLAVOR,1.0,derived
中药_1069,香草味_1115,HAS_FLAVOR,1.0,derived
中药_1069,香草味_1116,HAS_FLAVOR,1.0,derived
中药_1070,香草味_1115,HAS_FLAVOR,1.0,derived
中药_1071,香草味_1119,HAS_FLAVOR,1.0,derived
中药_1071,香草味_1132,HAS_FLAVOR,1.0,derived
中药_1071,香草味_1125,HAS_FLAVOR,1.0,derived
中药_1072,香草味_1115,HAS_FLAVOR,1.0,derived
中药_1072,香草味_1130,HAS_FLAVOR,1.0,derived
中药_1072,香草味_1116,HAS_FLAVOR,1.0,derived
中药_1073,香草味_1119,HAS_FLAVOR,1.0,derived
中药_1073,香草味_1130,HAS_FLAVOR,1.0,derived
中药_1074,香草味_1115,HAS_FLAVOR,1.0,derived
中药_1074,香草味_1116,HAS_FLAVOR,1.0,derived
中药_1075,香草味_1119,HAS_FLAVOR,1.0,derived
中药_1076,香草味_1119,HAS_FLAVOR,1.0,derived
中药_1077,香草味_1121,HAS_FLAVOR,1.0,derived
中药_1078,香草味_1115,HAS_FLAVOR,1.0,derived
中药_1079,香草味_1119,HAS_FLAVOR,1.0,derived
中药_1079,香草味_1127,HAS_FLAVOR,1.0,derived
中药_1080,香草味_1121,HAS_FLAVOR,1.0,derived
中药_1081,香草味_1115,HAS_FLAVOR,1.0,derived
中药_1081,香草味_1116,HAS_FLAVOR,1.0,derived
中药_1082,香草味_1119,HAS_FLAVOR,1.0,derived
中药_1082,香草味_1115,HAS_FLAVOR,1.0,derived
中药_1083,香草味_1119,HAS_FLAVOR,1.0,derived
中药_1083,香草味_1125,HAS_FLAVOR,1.0,derived
中药_1084,香草味_1115,HAS_FLAVOR,1.0,derived
中药_1084,香草味_1116,HAS_FLAVOR,1.0,derived
中药_1085,香草味_1115,HAS_FLAVOR,1.0,derived
中药_1086,香草味_1115,HAS_FLAVOR,1.0,derived
中药_1086,香草味_1116,HAS_FLAVOR,1.0,derived
中药_1087,香草味_1119,HAS_FLAVOR,1.0,derived
中药_1087,香草味_1127,HAS_FLAVOR,1.0,derived
中药_1088,香草味_1115,HAS_FLAVOR,1.0,derived
中药_1089,香草味_1131,HAS_FLAVOR,1.0,derived
中药_1089,香草味_1116,HAS_FLAVOR,1.0,derived
中药_1090,香草味_1115,HAS_FLAVOR,1.0,derived
中药_1090,香草味_1116,HAS_FLAVOR,1.0,derived
中药_1091,香草味_1115,HAS_FLAVOR,1.0,derived
中药_1091,香草味_1125,HAS_FLAVOR,1.0,derived
中药_1091,香草味_1116,HAS_FLAVOR,1.0,derived
中药_1092,香草味_1115,HAS_FLAVOR,1.0,derived
中药_1093,香草味_1115,HAS_FLAVOR,1.0,derived
中药_1094,香草味_1115,HAS_FLAVOR,1.0,derived
中药_1094,香草味_1116,HAS_FLAVOR,1.0,derived
中药_1095,香草味_1125,HAS_FLAVOR,1.0,derived
中药_1096,香草味_1115,HAS_FLAVOR,1.0,derived
中药_1097,香草味_1121,HAS_FLAVOR,1.0,derived
中药_1098,香草味_1119,HAS_FLAVOR,1.0,derived
中药_1098,香草味_1132,HAS_FLAVOR,1.0,derived
中药_1099,香草味_1119,HAS_FLAVOR,1.0,derived
中药_1099,香草味_1131,HAS_FLAVOR,1.0,derived
中药_1100,香草味_1115,HAS_FLAVOR,1.0,derived
中药_1101,香草味_1124,HAS_FLAVOR,1.0,derived
中药_1101,香草味_1119,HAS_FLAVOR,1.0,derived
中药_1102,香草味_1121,HAS_FLAVOR,1.0,derived
中药_1103,香草味_1142,HAS_FLAVOR,1.0,derived
中药_1104,香草味_1131,HAS_FLAVOR,1.0,derived
中药_1104,香草味_1116,HAS_FLAVOR,1.0,derived
中药_1105,香草味_1119,HAS_FLAVOR,1.0,derived
中药_1105,香草味_1143,HAS_FLAVOR,1.0,derived
中药_1106,香草味_1115,HAS_FLAVOR,1.0,derived
中药_1106,香草味_1139,HAS_FLAVOR,1.0,derived
中药_1107,香草味_1119,HAS_FLAVOR,1.0,derived
中药_1108,香草味_1119,HAS_FLAVOR,1.0,derived
中药_1109,香草味_1119,HAS_FLAVOR,1.0,derived
中药_1110,香草味_1119,HAS_FLAVOR,1.0,derived
中药_1110,香草味_1127,HAS_FLAVOR,1.0,derived
中药_1111,香草味_1119,HAS_FLAVOR,1.0,derived
中药_1112,香草味_1119,HAS_FLAVOR,1.0,derived
中药_1113,香草味_1119,HAS_FLAVOR,1.0,derived
中药_1114,香草味_1115,HAS_FLAVOR,1.0,derived
中药_1114,香草味_1134,HAS_FLAVOR,1.0,derived
中药_10,草本属性_1117,HAS_ATTR,1.0,derived
中药_11,草本属性_1118,HAS_ATTR,1.0,derived
中药_13,草本属性_1120,HAS_ATTR,1.0,derived
中药_15,草本属性_1122,HAS_ATTR,1.0,derived
中药_16,草本属性_1123,HAS_ATTR,1.0,derived
中药_17,草本属性_1123,HAS_ATTR,1.0,derived
中药_18,草本属性_1120,HAS_ATTR,1.0,derived
中药_21,草本属性_1123,HAS_ATTR,1.0,derived
中药_22,草本属性_1123,HAS_ATTR,1.0,derived
中药_23,草本属性_1126,HAS_ATTR,1.0,derived
中药_38,草本属性_1118,HAS_ATTR,1.0,derived
中药_89,草本属性_1123,HAS_ATTR,1.0,derived
中药_90,草本属性_1123,HAS_ATTR,1.0,derived
中药_93,草本属性_1118,HAS_ATTR,1.0,derived
中药_94,草本属性_1120,HAS_ATTR,1.0,derived
中药_110,草本属性_1120,HAS_ATTR,1.0,derived
中药_128,草本属性_1123,HAS_ATTR,1.0,derived
中药_131,草本属性_1117,HAS_ATTR,1.0,derived
中药_132,草本属性_1118,HAS_ATTR,1.0,derived
中药_134,草本属性_1118,HAS_ATTR,1.0,derived
中药_135,草本属性_1118,HAS_ATTR,1.0,derived
中药_146,草本属性_1123,HAS_ATTR,1.0,derived
中药_147,草本属性_1123,HAS_ATTR,1.0,derived
中药_149,草本属性_1123,HAS_ATTR,1.0,derived
中药_150,草本属性_1123,HAS_ATTR,1.0,derived
中药_151,草本属性_1120,HAS_ATTR,1.0,derived
中药_152,草本属性_1128,HAS_ATTR,1.0,derived
中药_153,草本属性_1129,HAS_ATTR,1.0,derived
中药_154,草本属性_1120,HAS_ATTR,1.0,derived
中药_156,草本属性_1126,HAS_ATTR,1.0,derived
中药_169,草本属性_1129,HAS_ATTR,1.0,derived
中药_177,草本属性_1120,HAS_ATTR,1.0,derived
中药_179,草本属性_1117,HAS_ATTR,1.0,derived
中药_180,草本属性_1118,HAS_ATTR,1.0,derived
中药_181,草本属性_1120,HAS_ATTR,1.0,derived
中药_184,草本属性_1118,HAS_ATTR,1.0,derived
中药_186,草本属性_1118,HAS_ATTR,1.0,derived
中药_188,草本属性_1117,HAS_ATTR,1.0,derived
中药_189,草本属性_1126,HAS_ATTR,1.0,derived
中药_190,草本属性_1117,HAS_ATTR,1.0,derived
中药_191,草本属性_1118,HAS_ATTR,1.0,derived
中药_193,草本属性_1120,HAS_ATTR,1.0,derived
中药_194,草本属性_1123,HAS_ATTR,1.0,derived
中药_195,草本属性_1126,HAS_ATTR,1.0,derived
中药_196,草本属性_1123,HAS_ATTR,1.0,derived
中药_203,草本属性_1129,HAS_ATTR,1.0,derived
中药_205,草本属性_1120,HAS_ATTR,1.0,derived
中药_208,草本属性_1123,HAS_ATTR,1.0,derived
中药_210,草本属性_1117,HAS_ATTR,1.0,derived
中药_232,草本属性_1126,HAS_ATTR,1.0,derived
中药_233,草本属性_1117,HAS_ATTR,1.0,derived
中药_240,草本属性_1118,HAS_ATTR,1.0,derived
中药_241,草本属性_1126,HAS_ATTR,1.0,derived
中药_244,草本属性_1118,HAS_ATTR,1.0,derived
中药_272,草本属性_1117,HAS_ATTR,1.0,derived
中药_308,草本属性_1118,HAS_ATTR,1.0,derived
中药_309,草本属性_1122,HAS_ATTR,1.0,derived
中药_310,草本属性_1117,HAS_ATTR,1.0,derived
中药_317,草本属性_1126,HAS_ATTR,1.0,derived
中药_322,草本属性_1118,HAS_ATTR,1.0,derived
中药_327,草本属性_1120,HAS_ATTR,1.0,derived
中药_328,草本属性_1118,HAS_ATTR,1.0,derived
中药_329,草本属性_1120,HAS_ATTR,1.0,derived
中药_330,草本属性_1126,HAS_ATTR,1.0,derived
中药_350,草本属性_1129,HAS_ATTR,1.0,derived
中药_352,草本属性_1120,HAS_ATTR,1.0,derived
中药_353,草本属性_1117,HAS_ATTR,1.0,derived
中药_354,草本属性_1123,HAS_ATTR,1.0,derived
中药_413,草本属性_1123,HAS_ATTR,1.0,derived
中药_435,草本属性_1118,HAS_ATTR,1.0,derived
中药_436,草本属性_1118,HAS_ATTR,1.0,derived
中药_438,草本属性_1123,HAS_ATTR,1.0,derived
中药_452,草本属性_1118,HAS_ATTR,1.0,derived
中药_453,草本属性_1118,HAS_ATTR,1.0,derived
中药_454,草本属性_1118,HAS_ATTR,1.0,derived
中药_456,草本属性_1117,HAS_ATTR,1.0,derived
中药_457,草本属性_1117,HAS_ATTR,1.0,derived
中药_458,草本属性_1118,HAS_ATTR,1.0,derived
中药_463,草本属性_1126,HAS_ATTR,1.0,derived
中药_464,草本属性_1123,HAS_ATTR,1.0,derived
中药_465,草本属性_1126,HAS_ATTR,1.0,derived
中药_466,草本属性_1123,HAS_ATTR,1.0,derived
中药_467,草本属性_1117,HAS_ATTR,1.0,derived
中药_477,草本属性_1126,HAS_ATTR,1.0,derived
中药_493,草本属性_1120,HAS_ATTR,1.0,derived
中药_494,草本属性_1123,HAS_ATTR,1.0,derived
中药_546,草本属性_1126,HAS_ATTR,1.0,derived
中药_549,草本属性_1120,HAS_ATTR,1.0,derived
中药_565,草本属性_1117,HAS_ATTR,1.0,derived
中药_570,草本属性_1123,HAS_ATTR,1.0,derived
中药_572,草本属性_1123,HAS_ATTR,1.0,derived
中药_573,草本属性_1118,HAS_ATTR,1.0,derived
中药_587,草本属性_1123,HAS_ATTR,1.0,derived
中药_588,草本属性_1118,HAS_ATTR,1.0,derived
中药_600,草本属性_1123,HAS_ATTR,1.0,derived
中药_619,草本属性_1123,HAS_ATTR,1.0,derived
中药_621,草本属性_1118,HAS_ATTR,1.0,derived
中药_650,草本属性_1120,HAS_ATTR,1.0,derived
中药_656,草本属性_1129,HAS_ATTR,1.0,derived
中药_658,草本属性_1117,HAS_ATTR,1.0,derived
中药_685,草本属性_1123,HAS_ATTR,1.0,derived
中药_686,草本属性_1123,HAS_ATTR,1.0,derived
中药_711,草本属性_1120,HAS_ATTR,1.0,derived
中药_716,草本属性_1118,HAS_ATTR,1.0,derived
中药_717,草本属性_1123,HAS_ATTR,1.0,derived
中药_718,草本属性_1123,HAS_ATTR,1.0,derived
中药_719,草本属性_1118,HAS_ATTR,1.0,derived
中药_720,草本属性_1118,HAS_ATTR,1.0,derived
中药_722,草本属性_1117,HAS_ATTR,1.0,derived
中药_730,草本属性_1126,HAS_ATTR,1.0,derived
中药_732,草本属性_1120,HAS_ATTR,1.0,derived
中药_742,草本属性_1123,HAS_ATTR,1.0,derived
中药_743,草本属性_1123,HAS_ATTR,1.0,derived
中药_750,草本属性_1120,HAS_ATTR,1.0,derived
中药_765,草本属性_1118,HAS_ATTR,1.0,derived
中药_780,草本属性_1123,HAS_ATTR,1.0,derived
中药_782,草本属性_1120,HAS_ATTR,1.0,derived
中药_804,草本属性_1120,HAS_ATTR,1.0,derived
中药_805,草本属性_1118,HAS_ATTR,1.0,derived
中药_811,草本属性_1117,HAS_ATTR,1.0,derived
中药_812,草本属性_1117,HAS_ATTR,1.0,derived
中药_818,草本属性_1129,HAS_ATTR,1.0,derived
中药_819,草本属性_1123,HAS_ATTR,1.0,derived
中药_820,草本属性_1123,HAS_ATTR,1.0,derived
中药_821,草本属性_1120,HAS_ATTR,1.0,derived
中药_822,草本属性_1118,HAS_ATTR,1.0,derived
中药_823,草本属性_1118,HAS_ATTR,1.0,derived
中药_824,草本属性_1120,HAS_ATTR,1.0,derived
中药_825,草本属性_1120,HAS_ATTR,1.0,derived
中药_827,草本属性_1120,HAS_ATTR,1.0,derived
中药_828,草本属性_1123,HAS_ATTR,1.0,derived
中药_829,草本属性_1123,HAS_ATTR,1.0,derived
中药_830,草本属性_1123,HAS_ATTR,1.0,derived
中药_831,草本属性_1120,HAS_ATTR,1.0,derived
中药_832,草本属性_1118,HAS_ATTR,1.0,derived
中药_833,草本属性_1122,HAS_ATTR,1.0,derived
中药_834,草本属性_1120,HAS_ATTR,1.0,derived
中药_835,草本属性_1117,HAS_ATTR,1.0,derived
中药_836,草本属性_1126,HAS_ATTR,1.0,derived
中药_837,草本属性_1123,HAS_ATTR,1.0,derived
中药_838,草本属性_1120,HAS_ATTR,1.0,derived
中药_839,草本属性_1123,HAS_ATTR,1.0,derived
中药_840,草本属性_1118,HAS_ATTR,1.0,derived
中药_841,草本属性_1123,HAS_ATTR,1.0,derived
中药_842,草本属性_1117,HAS_ATTR,1.0,derived
中药_843,草本属性_1129,HAS_ATTR,1.0,derived
中药_844,草本属性_1129,HAS_ATTR,1.0,derived
中药_845,草本属性_1117,HAS_ATTR,1.0,derived
中药_846,草本属性_1123,HAS_ATTR,1.0,derived
中药_847,草本属性_1123,HAS_ATTR,1.0,derived
中药_848,草本属性_1117,HAS_ATTR,1.0,derived
中药_849,草本属性_1123,HAS_ATTR,1.0,derived
中药_850,草本属性_1123,HAS_ATTR,1.0,derived
中药_851,草本属性_1129,HAS_ATTR,1.0,derived
中药_852,草本属性_1118,HAS_ATTR,1.0,derived
中药_853,草本属性_1118,HAS_ATTR,1.0,derived
中药_854,草本属性_1123,HAS_ATTR,1.0,derived
中药_855,草本属性_1123,HAS_ATTR,1.0,derived
中药_856,草本属性_1118,HAS_ATTR,1.0,derived
中药_857,草本属性_1120,HAS_ATTR,1.0,derived
中药_858,草本属性_1123,HAS_ATTR,1.0,derived
中药_859,草本属性_1120,HAS_ATTR,1.0,derived
中药_860,草本属性_1120,HAS_ATTR,1.0,derived
中药_861,草本属性_1120,HAS_ATTR,1.0,derived
中药_862,草本属性_1118,HAS_ATTR,1.0,derived
中药_863,草本属性_1129,HAS_ATTR,1.0,derived
中药_864,草本属性_1123,HAS_ATTR,1.0,derived
中药_865,草本属性_1123,HAS_ATTR,1.0,derived
中药_866,草本属性_1117,HAS_ATTR,1.0,derived
中药_867,草本属性_1117,HAS_ATTR,1.0,derived
中药_868,草本属性_1129,HAS_ATTR,1.0,derived
中药_869,草本属性_1129,HAS_ATTR,1.0,derived
中药_870,草本属性_1129,HAS_ATTR,1.0,derived
中药_871,草本属性_1123,HAS_ATTR,1.0,derived
中药_872,草本属性_1120,HAS_ATTR,1.0,derived
中药_874,草本属性_1123,HAS_ATTR,1.0,derived
中药_875,草本属性_1123,HAS_ATTR,1.0,derived
中药_876,草本属性_1129,HAS_ATTR,1.0,derived
中药_877,草本属性_1120,HAS_ATTR,1.0,derived
中药_878,草本属性_1118,HAS_ATTR,1.0,derived
中药_879,草本属性_1118,HAS_ATTR,1.0,derived
中药_880,草本属性_1123,HAS_ATTR,1.0,derived
中药_881,草本属性_1123,HAS_ATTR,1.0,derived
中药_882,草本属性_1118,HAS_ATTR,1.0,derived
中药_883,草本属性_1123,HAS_ATTR,1.0,derived
中药_884,草本属性_1129,HAS_ATTR,1.0,derived
中药_885,草本属性_1120,HAS_ATTR,1.0,derived
中药_886,草本属性_1129,HAS_ATTR,1.0,derived
中药_887,草本属性_1118,HAS_ATTR,1.0,derived
中药_888,草本属性_1123,HAS_ATTR,1.0,derived
中药_889,草本属性_1123,HAS_ATTR,1.0,derived
中药_890,草本属性_1123,HAS_ATTR,1.0,derived
中药_893,草本属性_1129,HAS_ATTR,1.0,derived
中药_894,草本属性_1129,HAS_ATTR,1.0,derived
中药_895,草本属性_1118,HAS_ATTR,1.0,derived
中药_896,草本属性_1118,HAS_ATTR,1.0,derived
中药_897,草本属性_1120,HAS_ATTR,1.0,derived
中药_898,草本属性_1122,HAS_ATTR,1.0,derived
中药_899,草本属性_1123,HAS_ATTR,1.0,derived
中药_900,草本属性_1123,HAS_ATTR,1.0,derived
中药_901,草本属性_1122,HAS_ATTR,1.0,derived
中药_902,草本属性_1122,HAS_ATTR,1.0,derived
中药_903,草本属性_1118,HAS_ATTR,1.0,derived
中药_904,草本属性_1117,HAS_ATTR,1.0,derived
中药_905,草本属性_1123,HAS_ATTR,1.0,derived
中药_906,草本属性_1129,HAS_ATTR,1.0,derived
中药_907,草本属性_1118,HAS_ATTR,1.0,derived
中药_908,草本属性_1123,HAS_ATTR,1.0,derived
中药_909,草本属性_1118,HAS_ATTR,1.0,derived
中药_910,草本属性_1123,HAS_ATTR,1.0,derived
中药_911,草本属性_1117,HAS_ATTR,1.0,derived
中药_912,草本属性_1118,HAS_ATTR,1.0,derived
中药_913,草本属性_1126,HAS_ATTR,1.0,derived
中药_914,草本属性_1118,HAS_ATTR,1.0,derived
中药_915,草本属性_1117,HAS_ATTR,1.0,derived
中药_916,草本属性_1123,HAS_ATTR,1.0,derived
中药_917,草本属性_1129,HAS_ATTR,1.0,derived
中药_918,草本属性_1120,HAS_ATTR,1.0,derived
中药_919,草本属性_1129,HAS_ATTR,1.0,derived
中药_920,草本属性_1120,HAS_ATTR,1.0,derived
中药_922,草本属性_1118,HAS_ATTR,1.0,derived
中药_923,草本属性_1117,HAS_ATTR,1.0,derived
中药_924,草本属性_1118,HAS_ATTR,1.0,derived
中药_925,草本属性_1117,HAS_ATTR,1.0,derived
中药_926,草本属性_1120,HAS_ATTR,1.0,derived
中药_927,草本属性_1120,HAS_ATTR,1.0,derived
中药_928,草本属性_1120,HAS_ATTR,1.0,derived
中药_929,草本属性_1120,HAS_ATTR,1.0,derived
中药_930,草本属性_1120,HAS_ATTR,1.0,derived
中药_931,草本属性_1120,HAS_ATTR,1.0,derived
中药_932,草本属性_1120,HAS_ATTR,1.0,derived
中药_933,草本属性_1129,HAS_ATTR,1.0,derived
中药_934,草本属性_1117,HAS_ATTR,1.0,derived
中药_935,草本属性_1118,HAS_ATTR,1.0,derived
中药_936,草本属性_1123,HAS_ATTR,1.0,derived
中药_937,草本属性_1120,HAS_ATTR,1.0,derived
中药_938,草本属性_1120,HAS_ATTR,1.0,derived
中药_939,草本属性_1123,HAS_ATTR,1.0,derived
中药_940,草本属性_1123,HAS_ATTR,1.0,derived
中药_942,草本属性_1129,HAS_ATTR,1.0,derived
中药_944,草本属性_1126,HAS_ATTR,1.0,derived
中药_945,草本属性_1123,HAS_ATTR,1.0,derived
中药_946,草本属性_1118,HAS_ATTR,1.0,derived
中药_948,草本属性_1118,HAS_ATTR,1.0,derived
中药_949,草本属性_1118,HAS_ATTR,1.0,derived
中药_950,草本属性_1126,HAS_ATTR,1.0,derived
中药_951,草本属性_1118,HAS_ATTR,1.0,derived
中药_952,草本属性_1118,HAS_ATTR,1.0,derived
中药_953,草本属性_1120,HAS_ATTR,1.0,derived
中药_954,草本属性_1117,HAS_ATTR,1.0,derived
中药_955,草本属性_1123,HAS_ATTR,1.0,derived
中药_956,草本属性_1120,HAS_ATTR,1.0,derived
中药_957,草本属性_1118,HAS_ATTR,1.0,derived
中药_959,草本属性_1120,HAS_ATTR,1.0,derived
中药_961,草本属性_1118,HAS_ATTR,1.0,derived
中药_963,草本属性_1120,HAS_ATTR,1.0,derived
中药_964,草本属性_1120,HAS_ATTR,1.0,derived
中药_965,草本属性_1123,HAS_ATTR,1.0,derived
中药_966,草本属性_1120,HAS_ATTR,1.0,derived
中药_967,草本属性_1123,HAS_ATTR,1.0,derived
中药_968,草本属性_1118,HAS_ATTR,1.0,derived
中药_969,草本属性_1118,HAS_ATTR,1.0,derived
中药_970,草本属性_1123,HAS_ATTR,1.0,derived
中药_971,草本属性_1120,HAS_ATTR,1.0,derived
中药_972,草本属性_1118,HAS_ATTR,1.0,derived
中药_973,草本属性_1118,HAS_ATTR,1.0,derived
中药_974,草本属性_1126,HAS_ATTR,1.0,derived
中药_975,草本属性_1129,HAS_ATTR,1.0,derived
中药_976,草本属性_1118,HAS_ATTR,1.0,derived
中药_977,草本属性_1129,HAS_ATTR,1.0,derived
中药_978,草本属性_1123,HAS_ATTR,1.0,derived
中药_979,草本属性_1120,HAS_ATTR,1.0,derived
中药_980,草本属性_1117,HAS_ATTR,1.0,derived
中药_981,草本属性_1129,HAS_ATTR,1.0,derived
中药_982,草本属性_1118,HAS_ATTR,1.0,derived
中药_983,草本属性_1123,HAS_ATTR,1.0,derived
中药_984,草本属性_1118,HAS_ATTR,1.0,derived
中药_985,草本属性_1123,HAS_ATTR,1.0,derived
中药_986,草本属性_1123,HAS_ATTR,1.0,derived
中药_987,草本属性_1123,HAS_ATTR,1.0,derived
中药_988,草本属性_1123,HAS_ATTR,1.0,derived
中药_989,草本属性_1123,HAS_ATTR,1.0,derived
中药_990,草本属性_1117,HAS_ATTR,1.0,derived
中药_993,草本属性_1118,HAS_ATTR,1.0,derived
中药_994,草本属性_1117,HAS_ATTR,1.0,derived
中药_995,草本属性_1118,HAS_ATTR,1.0,derived
中药_996,草本属性_1118,HAS_ATTR,1.0,derived
中药_997,草本属性_1118,HAS_ATTR,1.0,derived
中药_998,草本属性_1118,HAS_ATTR,1.0,derived
中药_999,草本属性_1123,HAS_ATTR,1.0,derived
中药_1000,草本属性_1118,HAS_ATTR,1.0,derived
中药_1001,草本属性_1123,HAS_ATTR,1.0,derived
中药_1002,草本属性_1120,HAS_ATTR,1.0,derived
中药_1003,草本属性_1117,HAS_ATTR,1.0,derived
中药_1004,草本属性_1120,HAS_ATTR,1.0,derived
中药_1005,草本属性_1120,HAS_ATTR,1.0,derived
中药_1006,草本属性_1129,HAS_ATTR,1.0,derived
中药_1007,草本属性_1129,HAS_ATTR,1.0,derived
中药_1008,草本属性_1120,HAS_ATTR,1.0,derived
中药_1009,草本属性_1123,HAS_ATTR,1.0,derived
中药_1010,草本属性_1123,HAS_ATTR,1.0,derived
中药_1011,草本属性_1120,HAS_ATTR,1.0,derived
中药_1012,草本属性_1118,HAS_ATTR,1.0,derived
中药_1013,草本属性_1122,HAS_ATTR,1.0,derived
中药_1014,草本属性_1123,HAS_ATTR,1.0,derived
中药_1015,草本属性_1118,HAS_ATTR,1.0,derived
中药_1017,草本属性_1120,HAS_ATTR,1.0,derived
中药_1018,草本属性_1123,HAS_ATTR,1.0,derived
中药_1019,草本属性_1118,HAS_ATTR,1.0,derived
中药_1020,草本属性_1123,HAS_ATTR,1.0,derived
中药_1021,草本属性_1123,HAS_ATTR,1.0,derived
中药_1022,草本属性_1123,HAS_ATTR,1.0,derived
中药_1023,草本属性_1120,HAS_ATTR,1.0,derived
中药_1024,草本属性_1118,HAS_ATTR,1.0,derived
中药_1025,草本属性_1118,HAS_ATTR,1.0,derived
中药_1026,草本属性_1118,HAS_ATTR,1.0,derived
中药_1027,草本属性_1118,HAS_ATTR,1.0,derived
中药_1028,草本属性_1118,HAS_ATTR,1.0,derived
中药_1029,草本属性_1117,HAS_ATTR,1.0,derived
中药_1030,草本属性_1122,HAS_ATTR,1.0,derived
中药_1031,草本属性_1123,HAS_ATTR,1.0,derived
中药_1032,草本属性_1123,HAS_ATTR,1.0,derived
中药_1033,草本属性_1123,HAS_ATTR,1.0,derived
中药_1034,草本属性_1122,HAS_ATTR,1.0,derived
中药_1035,草本属性_1120,HAS_ATTR,1.0,derived
中药_1036,草本属性_1140,HAS_ATTR,1.0,derived
中药_1037,草本属性_1118,HAS_ATTR,1.0,derived
中药_1038,草本属性_1129,HAS_ATTR,1.0,derived
中药_1039,草本属性_1120,HAS_ATTR,1.0,derived
中药_1040,草本属性_1120,HAS_ATTR,1.0,derived
中药_1041,草本属性_1117,HAS_ATTR,1.0,derived
中药_1042,草本属性_1117,HAS_ATTR,1.0,derived
中药_1043,草本属性_1141,HAS_ATTR,1.0,derived
中药_1044,草本属性_1120,HAS_ATTR,1.0,derived
中药_1045,草本属性_1120,HAS_ATTR,1.0,derived
中药_1046,草本属性_1118,HAS_ATTR,1.0,derived
中药_1047,草本属性_1129,HAS_ATTR,1.0,derived
中药_1048,草本属性_1123,HAS_ATTR,1.0,derived
中药_1049,草本属性_1123,HAS_ATTR,1.0,derived
中药_1050,草本属性_1120,HAS_ATTR,1.0,derived
中药_1051,草本属性_1117,HAS_ATTR,1.0,derived
中药_1052,草本属性_1123,HAS_ATTR,1.0,derived
中药_1053,草本属性_1123,HAS_ATTR,1.0,derived
中药_1054,草本属性_1120,HAS_ATTR,1.0,derived
中药_1055,草本属性_1123,HAS_ATTR,1.0,derived
中药_1056,草本属性_1129,HAS_ATTR,1.0,derived
中药_1057,草本属性_1123,HAS_ATTR,1.0,derived
中药_1058,草本属性_1120,HAS_ATTR,1.0,derived
中药_1059,草本属性_1120,HAS_ATTR,1.0,derived
中药_1060,草本属性_1123,HAS_ATTR,1.0,derived
中药_1061,草本属性_1118,HAS_ATTR,1.0,derived
中药_1064,草本属性_1122,HAS_ATTR,1.0,derived
中药_1065,草本属性_1117,HAS_ATTR,1.0,derived
中药_1066,草本属性_1129,HAS_ATTR,1.0,derived
中药_1067,草本属性_1120,HAS_ATTR,1.0,derived
中药_1068,草本属性_1120,HAS_ATTR,1.0,derived
中药_1069,草本属性_1117,HAS_ATTR,1.0,derived
中药_1070,草本属性_1118,HAS_ATTR,1.0,derived
中药_1071,草本属性_1120,HAS_ATTR,1.0,derived
中药_1072,草本属性_1123,HAS_ATTR,1.0,derived
中药_1073,草本属性_1117,HAS_ATTR,1.0,derived
中药_1074,草本属性_1123,HAS_ATTR,1.0,derived
中药_1075,草本属性_1117,HAS_ATTR,1.0,derived
中药_1076,草本属性_1123,HAS_ATTR,1.0,derived
中药_1077,草本属性_1123,HAS_ATTR,1.0,derived
中药_1078,草本属性_1118,HAS_ATTR,1.0,derived
中药_1079,草本属性_1128,HAS_ATTR,1.0,derived
中药_1080,草本属性_1123,HAS_ATTR,1.0,derived
中药_1081,草本属性_1129,HAS_ATTR,1.0,derived
中药_1082,草本属性_1118,HAS_ATTR,1.0,derived
中药_1083,草本属性_1120,HAS_ATTR,1.0,derived
中药_1084,草本属性_1123,HAS_ATTR,1.0,derived
中药_1085,草本属性_1117,HAS_ATTR,1.0,derived
中药_1086,草本属性_1120,HAS_ATTR,1.0,derived
中药_1087,草本属性_1123,HAS_ATTR,1.0,derived
中药_1088,草本属性_1118,HAS_ATTR,1.0,derived
中药_1089,草本属性_1140,HAS_ATTR,1.0,derived
中药_1090,草本属性_1123,HAS_ATTR,1.0,derived
中药_1091,草本属性_1123,HAS_ATTR,1.0,derived
中药_1092,草本属性_1117,HAS_ATTR,1.0,derived
中药_1093,草本属性_1118,HAS_ATTR,1.0,derived
中药_1094,草本属性_1118,HAS_ATTR,1.0,derived
中药_1095,草本属性_1118,HAS_ATTR,1.0,derived
中药_1096,草本属性_1123,HAS_ATTR,1.0,derived
中药_1097,草本属性_1122,HAS_ATTR,1.0,derived
中药_1098,草本属性_1129,HAS_ATTR,1.0,derived
中药_1099,草本属性_1129,HAS_ATTR,1.0,derived
中药_1100,草本属性_1118,HAS_ATTR,1.0,derived
中药_1101,草本属性_1118,HAS_ATTR,1.0,derived
中药_1102,草本属性_1123,HAS_ATTR,1.0,derived
中药_1103,草本属性_1140,HAS_ATTR,1.0,derived
中药_1104,草本属性_1123,HAS_ATTR,1.0,derived
中药_1105,草本属性_1120,HAS_ATTR,1.0,derived
中药_1106,草本属性_1120,HAS_ATTR,1.0,derived
中药_1107,草本属性_1120,HAS_ATTR,1.0,derived
中药_1108,草本属性_1126,HAS_ATTR,1.0,derived
中药_1109,草本属性_1118,HAS_ATTR,1.0,derived
中药_1110,草本属性_1123,HAS_ATTR,1.0,derived
中药_1111,草本属性_1120,HAS_ATTR,1.0,derived
中药_1112,草本属性_1120,HAS_ATTR,1.0,derived
中药_1113,草本属性_1123,HAS_ATTR,1.0,derived
中药_1114,草本属性_1118,HAS_ATTR,1.0,derived
