id,标签,名称,来源,剂量文本,草本属性,草本经络热带,香草味,剂量
症状_0,症状,咳嗽,主诉,,,,,
症状_1,症状,白痰,现病史,,,,,
症状_2,症状,咽痒,现病史,,,,,
症状_3,症状,咳痰,现病史,,,,,
症状_4,症状,舌淡红,现病史,,,,,
症状_5,症状,纳差,现病史,,,,,
症状_6,症状,右脉沉,体格检查,,,,,
症状_7,症状,左脉细涩,体格检查,,,,,
证型_8,证型,痰气郁结证,,,,,,
方剂_9,方剂,柴朴汤,,,,,,
症状_24,症状,胃痛,主诉,,,,,
症状_25,症状,口腔溃疡,主诉,,,,,
症状_26,症状,四肢冰冷,现病史,,,,,
症状_27,症状,月经量少,现病史,,,,,
症状_28,症状,皮肤痒,现病史,,,,,
症状_29,症状,便秘,现病史,,,,,
症状_30,症状,牙痛,现病史,,,,,
症状_31,症状,腹部压痛,现病史,,,,,
症状_32,症状,棱角脸,体格检查,,,,,
症状_33,症状,手掌黄,体格检查,,,,,
症状_34,症状,体瘦,体格检查,,,,,
症状_35,症状,痤疮,体格检查,,,,,
方剂_36,方剂,甘草泻心汤,,,,,,
症状_39,症状,痰多,主诉,,,,,
症状_40,症状,严重,主诉,,,,,
症状_41,症状,焦虑状态,现病史,,,,,
症状_42,症状,腹部按之不适,现病史,,,,,
症状_43,症状,心下痞闷,现病史,,,,,
症状_44,症状,腹部振水音,现病史,,,,,
症状_45,症状,反酸,现病史,,,,,
症状_46,症状,呕吐,现病史,,,,,
症状_47,症状,嘈杂,现病史,,,,,
症状_48,症状,大便干稀不定,现病史,,,,,
症状_49,症状,口渴,现病史,,,,,
症状_50,症状,易惊恐,现病史,,,,,
症状_51,症状,干呕,现病史,,,,,
症状_52,症状,抑郁状态,现病史,,,,,
症状_53,症状,呃逆,现病史,,,,,
症状_54,症状,胃胀,现病史,,,,,
症状_55,症状,咽喉异物感,现病史,,,,,
症状_56,症状,便溏,现病史,,,,,
症状_57,症状,心下按之不适,现病史,,,,,
症状_58,症状,脉浮,体格检查,,,,,
症状_59,症状,空腹血糖受损,体格检查,,,,,
症状_60,症状,血糖增高,体格检查,,,,,
症状_61,症状,眨眼频率高,体格检查,,,,,
症状_62,症状,舌色红,体格检查,,,,,
症状_63,症状,舌质胖,体格检查,,,,,
症状_64,症状,舌苔腻,体格检查,,,,,
症状_65,症状,舌灵活,体格检查,,,,,
症状_66,症状,舌苔黄,体格检查,,,,,
症状_67,症状,舌苔润,体格检查,,,,,
症状_68,症状,脉滑,体格检查,,,,,
症状_69,症状,国字脸,体格检查,,,,,
症状_70,症状,唇红,体格检查,,,,,
方剂_71,方剂,半夏泻心汤,,,,,,
症状_72,症状,大便正常,现病史,,,,,
症状_73,症状,多梦,现病史,,,,,
症状_74,症状,易怒,现病史,,,,,
症状_75,症状,经色紫暗,现病史,,,,,
症状_76,症状,月经后期,现病史,,,,,
症状_77,症状,失眠,现病史,,,,,
症状_78,症状,小便正常,现病史,,,,,
症状_79,症状,疲倦,现病史,,,,,
症状_80,症状,痛经,现病史,,,,,
症状_81,症状,黄褐斑,体格检查,,,,,
症状_82,症状,体型中等,体格检查,,,,,
症状_83,症状,舌色暗,体格检查,,,,,
症状_84,症状,面色晦暗,体格检查,,,,,
症状_85,症状,舌质齿痕,体格检查,,,,,
证型_86,证型,肝脾两虚证,,,,,,
方剂_87,方剂,柴归汤,,,,,,
症状_96,症状,闭经,主诉,,,,,
症状_97,症状,腹部动悸,主诉,,,,,
症状_98,症状,脐跳,主诉,,,,,
症状_99,症状,手足心热,现病史,,,,,
症状_100,症状,腹压痛,现病史,,,,,
症状_101,症状,月经推迟,现病史,,,,,
症状_102,症状,多囊卵巢综合征,现病史,,,,,
症状_103,症状,月经有血块,现病史,,,,,
症状_104,症状,心烦易燥,现病史,,,,,
症状_105,症状,毛发多,体格检查,,,,,
症状_106,症状,脉弦,体格检查,,,,,
证型_107,证型,阴虚火旺证,,,,,,
方剂_108,方剂,芩连四物汤,,,,,,
症状_111,症状,脓痰,主诉,,,,,
症状_112,症状,黄痰,主诉,,,,,
症状_113,症状,咽部异物感,现病史,,,,,
症状_114,症状,胸闷,现病史,,,,,
症状_115,症状,大便干,现病史,,,,,
症状_116,症状,喉咙痒,现病史,,,,,
症状_117,症状,出汗,现病史,,,,,
症状_118,症状,怕热,现病史,,,,,
症状_119,症状,慢性支气管炎,现病史,,,,,
症状_120,症状,怕冷,现病史,,,,,
症状_121,症状,胃口好,现病史,,,,,
症状_122,症状,舌苔厚,体格检查,,,,,
症状_123,症状,声音嘶哑,体格检查,,,,,
证型_124,证型,肺热证,,,,,,
方剂_125,方剂,麻杏石甘汤,,,,,,
方剂_126,方剂,小陷胸汤,,,,,,
症状_136,症状,月经不调,主诉,,,,,
症状_137,症状,左下腹痛,主诉,,,,,
症状_138,症状,经期痛经,现病史,,,,,
症状_139,症状,手脚凉,现病史,,,,,
症状_140,症状,全身乏力,现病史,,,,,
症状_141,症状,舌淡,体格检查,,,,,
症状_142,症状,舌瘀点,体格检查,,,,,
证型_143,证型,肝中寒证,,,,,,
方剂_144,方剂,当归四逆汤,,,,,,
方剂_145,方剂,当归建中汤,,,,,,
症状_159,症状,月经少,主诉,,,,,
症状_160,症状,经期正常,现病史,,,,,
症状_161,症状,全身沉重,现病史,,,,,
症状_162,症状,白苔,体格检查,,,,,
症状_163,症状,头面斑,体格检查,,,,,
症状_164,症状,黑斑,体格检查,,,,,
症状_165,症状,唇紫,体格检查,,,,,
症状_166,症状,双眼皮,体格检查,,,,,
证型_167,证型,气虚湿阻证,,,,,,
方剂_168,方剂,当归芍药散,,,,,,
症状_170,症状,视物模糊,主诉,,,,,
症状_171,症状,大便次数多,现病史,,,,,
症状_172,症状,大便成形,现病史,,,,,
症状_173,症状,高血压,现病史,,,,,
症状_174,症状,舌色紫,体格检查,,,,,
症状_175,症状,舌苔腐,体格检查,,,,,
症状_176,症状,舌燥,体格检查,,,,,
症状_197,症状,乳汁量少,主诉,,,,,
症状_198,症状,产后病,现病史,,,,,
症状_199,症状,大便质地正常,现病史,,,,,
症状_200,症状,食欲不振,现病史,,,,,
症状_201,症状,睡眠正常,现病史,,,,,
症状_202,症状,女性哺乳期,体格检查,,,,,
症状_211,症状,嗳气,主诉,,,,,
症状_212,症状,上腹痛,主诉,,,,,
症状_213,症状,便硬,现病史,,,,,
症状_214,症状,烧心,现病史,,,,,
症状_215,症状,易胀,现病史,,,,,
症状_216,症状,舌苔后部剥落,体格检查,,,,,
症状_217,症状,体型偏瘦,体格检查,,,,,
症状_218,症状,舌苔薄,体格检查,,,,,
症状_219,症状,舌质裂纹,体格检查,,,,,
证型_220,证型,中焦虚寒证,,,,,,
症状_221,症状,易感冒,主诉,,,,,
症状_222,症状,手心出汗,现病史,,,,,
症状_223,症状,后背出汗,现病史,,,,,
症状_224,症状,头出汗,现病史,,,,,
症状_225,症状,腋下出汗,现病史,,,,,
症状_226,症状,多汗,现病史,,,,,
症状_227,症状,口干,现病史,,,,,
症状_228,症状,舌苔水滑,体格检查,,,,,
方剂_229,方剂,防己黄芪汤,,,,,,
方剂_230,方剂,玉屏风散,,,,,,
症状_234,症状,全身皮肤瘙痒,主诉,,,,,
症状_235,症状,口苦,现病史,,,,,
症状_236,症状,风疹,现病史,,,,,
症状_237,症状,脉数,体格检查,,,,,
症状_238,症状,皮疹,体格检查,,,,,
方剂_239,方剂,消风散,,,,,,
症状_245,症状,头重,主诉,,,,,
症状_246,症状,目涩,主诉,,,,,
症状_247,症状,耳鸣,现病史,,,,,
症状_248,症状,目畏光,现病史,,,,,
症状_249,症状,心烦,现病史,,,,,
症状_250,症状,头晕,现病史,,,,,
症状_251,症状,口不渴,现病史,,,,,
症状_252,症状,头痛,现病史,,,,,
症状_253,症状,唇淡,体格检查,,,,,
症状_254,症状,唇暗,体格检查,,,,,
症状_255,症状,舌色淡,体格检查,,,,,
症状_256,症状,脉沉,体格检查,,,,,
症状_257,症状,浓眉,体格检查,,,,,
症状_258,症状,舌质瘦,体格检查,,,,,
证型_259,证型,阳虚内寒证,,,,,,
方剂_260,方剂,桂枝去桂加茯苓白术汤,,,,,,
方剂_261,方剂,桂枝去芍药加附子汤,,,,,,
症状_263,症状,右上腹痛,主诉,,,,,
症状_264,症状,腹胀,现病史,,,,,
症状_265,症状,腹隐痛,现病史,,,,,
症状_266,症状,小便色黄,现病史,,,,,
症状_267,症状,饮水量多,现病史,,,,,
症状_268,症状,上腹胀,现病史,,,,,
症状_269,症状,急躁易怒,现病史,,,,,
方剂_270,方剂,大柴胡汤,,,,,,
方剂_271,方剂,栀子厚朴汤,,,,,,
症状_273,症状,再发,主诉,,,,,
症状_274,症状,右少腹痛,主诉,,,,,
症状_275,症状,间断上腹痛,主诉,,,,,
症状_276,症状,腹痛,主诉,,,,,
症状_277,症状,右少腹压痛,主诉,,,,,
症状_278,症状,饮水量少,现病史,,,,,
症状_279,症状,喜好热饮,现病史,,,,,
症状_280,症状,轻度,现病史,,,,,
症状_281,症状,胸痛,现病史,,,,,
症状_282,症状,四肢抽筋,现病史,,,,,
症状_283,症状,慢性胃炎,现病史,,,,,
症状_284,症状,舌红,现病史,,,,,
症状_285,症状,食量小,现病史,,,,,
症状_286,症状,不思饮食,现病史,,,,,
症状_287,症状,心下压痛,体格检查,,,,,
症状_288,症状,腹部凹陷,体格检查,,,,,
症状_289,症状,面色黑,体格检查,,,,,
症状_290,症状,眉浓,体格检查,,,,,
方剂_291,方剂,小建中汤,,,,,,
症状_293,症状,口干渴,主诉,,,,,
症状_294,症状,早醒,现病史,,,,,
症状_295,症状,目畏风,现病史,,,,,
症状_296,症状,反应迟钝,现病史,,,,,
症状_297,症状,晨起疲乏,现病史,,,,,
症状_298,症状,记忆力差,现病史,,,,,
症状_299,症状,入睡困难,现病史,,,,,
症状_300,症状,打呼,现病史,,,,,
症状_301,症状,醒后难睡,现病史,,,,,
症状_302,症状,唇黯,体格检查,,,,,
症状_303,症状,全身皮肤干燥,体格检查,,,,,
症状_304,症状,舌下静脉怒张,体格检查,,,,,
症状_305,症状,牙龈出血,体格检查,,,,,
方剂_306,方剂,黄连阿胶汤,,,,,,
症状_311,症状,大便不畅,主诉,,,,,
症状_312,症状,中度,主诉,,,,,
症状_313,症状,食欲可,现病史,,,,,
症状_314,症状,舌色淡白,体格检查,,,,,
症状_323,症状,发热,主诉,,,,,
症状_324,症状,过敏,现病史,,,,,
症状_325,症状,咽红,体格检查,,,,,
症状_332,症状,便粘,主诉,,,,,
症状_333,症状,肛门热,主诉,,,,,
症状_334,症状,腰酸,现病史,,,,,
症状_335,症状,矢气,现病史,,,,,
症状_336,症状,口臭,现病史,,,,,
症状_337,症状,饮水量适中,现病史,,,,,
症状_338,症状,肛门坠胀,现病史,,,,,
症状_339,症状,大便不爽,现病史,,,,,
症状_340,症状,川字眉,体格检查,,,,,
症状_341,症状,脐周压痛,体格检查,,,,,
症状_342,症状,面色明亮,体格检查,,,,,
证型_343,证型,寒热错杂证,,,,,,
方剂_344,方剂,黄连汤,,,,,,
证型_345,证型,肝血不足证,,,,,,
方剂_346,方剂,酸枣仁汤,,,,,,
症状_347,症状,舌苔厚腻,体格检查,,,,,
证型_348,证型,肝阳上亢证,,,,,,
方剂_349,方剂,天麻钩藤饮,,,,,,
症状_357,症状,下腹胀,主诉,,,,,
症状_358,症状,多天,主诉,,,,,
症状_359,症状,下巴周围,主诉,,,,,
症状_360,症状,青春痘多,主诉,,,,,
症状_361,症状,小腹胀数天,主诉,,,,,
症状_362,症状,月经夹有血块,现病史,,,,,
症状_363,症状,贫血,现病史,,,,,
症状_364,症状,左手甚,现病史,,,,,
症状_365,症状,食量中,现病史,,,,,
症状_366,症状,偶尔,现病史,,,,,
症状_367,症状,下肢萎软,现病史,,,,,
症状_368,症状,手麻,现病史,,,,,
症状_369,症状,汗少,现病史,,,,,
症状_370,症状,脚冷,现病史,,,,,
症状_371,症状,经期伴随乳房胀,现病史,,,,,
症状_372,症状,颈椎综合征,现病史,,,,,
症状_373,症状,手指麻伴臂痛,现病史,,,,,
症状_374,症状,上腹按之不适,现病史,,,,,
症状_375,症状,里急后重,现病史,,,,,
症状_376,症状,脐下压痛,体格检查,,,,,
症状_377,症状,眼睑浮肿,体格检查,,,,,
症状_378,症状,舌尖红,体格检查,,,,,
症状_379,症状,脐左压痛,体格检查,,,,,
症状_380,症状,乏力,现病史,,,,,
症状_381,症状,四肢麻木,现病史,,,,,
症状_382,症状,大便稀,现病史,,,,,
症状_383,症状,颈椎病,现病史,,,,,
症状_384,症状,脉弱,体格检查,,,,,
症状_385,症状,苔黄厚腻,体格检查,,,,,
方剂_386,方剂,半夏白术天麻汤,,,,,,
方剂_387,方剂,柴胡加龙骨牡蛎汤,,,,,,
症状_389,症状,高热,主诉,,,,,
症状_390,症状,口渴欲饮,主诉,,,,,
症状_391,症状,食欲差,现病史,,,,,
症状_392,症状,寒热往来有定时,现病史,,,,,
症状_393,症状,微有汗出,现病史,,,,,
症状_394,症状,感冒,现病史,,,,,
症状_395,症状,精神不振,现病史,,,,,
症状_396,症状,小便黄,现病史,,,,,
症状_397,症状,半夏线,体格检查,,,,,
症状_399,症状,大便溏,现病史,,,,,
症状_400,症状,面部痘痘,现病史,,,,,
症状_401,症状,脉缓,体格检查,,,,,
症状_402,症状,皮肤细腻,体格检查,,,,,
证型_403,证型,脾虚夹湿证,,,,,,
方剂_404,方剂,柴胡桂枝干姜汤,,,,,,
方剂_405,方剂,六君子汤,,,,,,
症状_406,症状,腹部膨隆,现病史,,,,,
症状_407,症状,恶心,现病史,,,,,
症状_408,症状,主诉多,体格检查,,,,,
症状_409,症状,营养状况好,体格检查,,,,,
证型_410,证型,痰气互结,,,,,,
方剂_411,方剂,半夏厚朴汤,,,,,,
方剂_412,方剂,泻心汤,,,,,,
症状_415,症状,四肢瘫痪,主诉,,,,,
症状_416,症状,失语,现病史,,,,,
症状_417,症状,大便量多,现病史,,,,,
症状_418,症状,神志不清,现病史,,,,,
症状_419,症状,食欲中等,现病史,,,,,
症状_420,症状,脑梗塞,现病史,,,,,
症状_421,症状,进食准时,体格检查,,,,,
症状_422,症状,舌苔前部剥落,体格检查,,,,,
症状_423,症状,眼皮肿,体格检查,,,,,
症状_424,症状,舌质短,体格检查,,,,,
证型_425,证型,阳虚痰饮证,,,,,,
方剂_426,方剂,茯苓桂枝甘草大枣汤,,,,,,
症状_427,症状,咽痛,主诉,,,,,
症状_428,症状,睡眠多梦,现病史,,,,,
症状_429,症状,牙龈痛,现病史,,,,,
症状_430,症状,睡不醒,现病史,,,,,
症状_431,症状,气短,现病史,,,,,
症状_432,症状,舌淡红胖,体格检查,,,,,
症状_433,症状,舌边齿痕,体格检查,,,,,
方剂_434,方剂,甘露消毒丹,,,,,,
症状_439,症状,全身疼痛,主诉,,,,,
症状_440,症状,游走痛,主诉,,,,,
症状_441,症状,大便秘结,现病史,,,,,
症状_442,症状,心慌,现病史,,,,,
症状_443,症状,焦虑,现病史,,,,,
症状_444,症状,手抖,现病史,,,,,
症状_445,症状,易惊醒,现病史,,,,,
证型_446,证型,心肾不交证,,,,,,
方剂_447,方剂,桂枝加龙骨牡蛎汤,,,,,,
症状_448,症状,咽稍红,主诉,,,,,
症状_449,症状,舌质偏淡,主诉,,,,,
症状_450,症状,苔稍白厚偏黄,主诉,,,,,
症状_451,症状,偶有头晕,现病史,,,,,
症状_459,症状,颈项不适感,现病史,,,,,
症状_460,症状,肩背酸楚,现病史,,,,,
症状_468,症状,手指麻木,主诉,,,,,
症状_469,症状,怕风,现病史,,,,,
症状_470,症状,面色油光,体格检查,,,,,
证型_471,证型,气血不足证,,,,,,
方剂_472,方剂,桂枝去芍药加麻黄附子细辛汤,,,,,,
方剂_473,方剂,四味健步汤,,,,,,
症状_474,症状,沉默寡言,现病史,,,,,
症状_475,症状,舌裂纹,体格检查,,,,,
症状_476,症状,舌齿痕,体格检查,,,,,
症状_478,症状,月经先期,现病史,,,,,
症状_479,症状,经色暗,现病史,,,,,
症状_480,症状,肩背疼痛,现病史,,,,,
症状_481,症状,紧张,现病史,,,,,
症状_482,症状,味觉下降,现病史,,,,,
症状_483,症状,腹部平坦,体格检查,,,,,
症状_484,症状,正常食欲,体格检查,,,,,
症状_485,症状,腹力中等,体格检查,,,,,
症状_486,症状,腹形瘦,体格检查,,,,,
症状_487,症状,月经淋漓不尽,现病史,,,,,
症状_488,症状,子宫肌瘤,现病史,,,,,
症状_489,症状,小腹坠胀,现病史,,,,,
症状_490,症状,功血,现病史,,,,,
症状_496,症状,口中粘,主诉,,,,,
症状_497,症状,胃脘不适,现病史,,,,,
症状_498,症状,口淡无味,现病史,,,,,
症状_499,症状,小便可,体格检查,,,,,
症状_500,症状,大便可,体格检查,,,,,
证型_501,证型,风痰上攻证,,,,,,
症状_502,症状,胃胀痛,主诉,,,,,
症状_503,症状,半夜容易醒,现病史,,,,,
症状_504,症状,爱发脾气,现病史,,,,,
症状_505,症状,性情急躁,现病史,,,,,
症状_506,症状,腹痛绵绵,现病史,,,,,
症状_507,症状,左前胸痛,现病史,,,,,
症状_508,症状,睡眠差,现病史,,,,,
症状_509,症状,晚上醒来必须喝水,现病史,,,,,
症状_510,症状,饮食减少,现病史,,,,,
症状_511,症状,关脉弦,体格检查,,,,,
症状_512,症状,脉弦滑,体格检查,,,,,
症状_517,症状,心慌气短,主诉,,,,,
症状_518,症状,苔薄白,主诉,,,,,
症状_519,症状,情绪不稳,主诉,,,,,
症状_520,症状,烦躁发急,主诉,,,,,
症状_521,症状,全身无力,主诉,,,,,
症状_522,症状,舌质淡,主诉,,,,,
症状_523,症状,面色稍黄,主诉,,,,,
症状_524,症状,脉沉无力,主诉,,,,,
症状_525,症状,没劲,主诉,,,,,
症状_526,症状,面垢,体格检查,,,,,
症状_527,症状,月经量多,主诉,,,,,
症状_528,症状,月经周期正常,现病史,,,,,
症状_529,症状,不易出汗,现病史,,,,,
症状_530,症状,经色鲜红,现病史,,,,,
症状_531,症状,喜辣,现病史,,,,,
症状_532,症状,腰疼,现病史,,,,,
症状_533,症状,泡沫状,现病史,,,,,
症状_534,症状,有腥臭味,现病史,,,,,
症状_535,症状,白带多,现病史,,,,,
症状_536,症状,喜好冷饮,现病史,,,,,
症状_537,症状,经期伴随腰部疼痛,现病史,,,,,
症状_538,症状,经期急躁,现病史,,,,,
症状_539,症状,阴道干,现病史,,,,,
症状_540,症状,腹皮凉,现病史,,,,,
症状_541,症状,白带色黄,体格检查,,,,,
症状_542,症状,眼圈发黑,体格检查,,,,,
症状_543,症状,脉平,体格检查,,,,,
证型_544,证型,气血凝滞证,,,,,,
症状_548,症状,四肢怕冷,现病史,,,,,
症状_550,症状,发烧,主诉,,,,,
症状_551,症状,咽喉疼痛,主诉,,,,,
症状_552,症状,鼻塞,现病史,,,,,
症状_553,症状,耳痛,现病史,,,,,
症状_554,症状,急性扁桃体炎,现病史,,,,,
症状_555,症状,舌质淡红,体格检查,,,,,
证型_556,证型,少阳证,,,,,,
方剂_557,方剂,退热汤,,,,,,
症状_558,症状,腹大,主诉,,,,,
症状_559,症状,烦躁,现病史,,,,,
症状_560,症状,大便不成型,现病史,,,,,
症状_561,症状,饮酒过多,现病史,,,,,
症状_562,症状,下腹膨隆,体格检查,,,,,
方剂_563,方剂,四逆散,,,,,,
方剂_564,方剂,四君子汤,,,,,,
症状_566,症状,易上火,现病史,,,,,
方剂_567,方剂,小柴胡汤,,,,,,
方剂_568,方剂,胶艾汤,,,,,,
症状_575,症状,咽干,主诉,,,,,
症状_576,症状,慢性咽喉炎,现病史,,,,,
症状_577,症状,易醒,现病史,,,,,
症状_578,症状,食欲旺盛,现病史,,,,,
症状_579,症状,无汗,现病史,,,,,
症状_580,症状,消瘦,体格检查,,,,,
证型_581,证型,气滞痰阻证,,,,,,
症状_582,症状,腹胀满,主诉,,,,,
症状_583,症状,月经后延,现病史,,,,,
症状_584,症状,眠可,现病史,,,,,
症状_585,症状,苔白腻,体格检查,,,,,
症状_586,症状,纳可,体格检查,,,,,
症状_591,症状,小便多,现病史,,,,,
症状_592,症状,夜尿,现病史,,,,,
症状_593,症状,喝水多,现病史,,,,,
症状_594,症状,苔厚,体格检查,,,,,
症状_595,症状,精神佳,体格检查,,,,,
症状_596,症状,面红,体格检查,,,,,
症状_597,症状,胖大舌,体格检查,,,,,
症状_598,症状,苔腻,体格检查,,,,,
方剂_599,方剂,白虎汤,,,,,,
症状_601,症状,气淋,主诉,,,,,
症状_602,症状,尿频,主诉,,,,,
症状_603,症状,头闷,现病史,,,,,
方剂_604,方剂,济生肾气丸,,,,,,
方剂_605,方剂,真武汤,,,,,,
症状_608,症状,右侧腿肌肉比左侧细,主诉,,,,,
症状_609,症状,右腰疼,主诉,,,,,
症状_610,症状,肌肉萎缩,主诉,,,,,
症状_611,症状,更年期综合症,现病史,,,,,
症状_612,症状,膝关节酸楚,现病史,,,,,
症状_613,症状,腿酸,现病史,,,,,
症状_614,症状,膝关节痛,现病史,,,,,
症状_615,症状,腰椎间盘突出症,现病史,,,,,
症状_616,症状,头汗多,现病史,,,,,
症状_617,症状,尺脉弱,体格检查,,,,,
证型_618,证型,下焦湿热证,,,,,,
症状_622,症状,下肢酸,主诉,,,,,
症状_623,症状,四肢沉重,现病史,,,,,
症状_624,症状,下肢无力,现病史,,,,,
症状_628,症状,噩梦,现病史,,,,,
症状_629,症状,喘不上气,现病史,,,,,
症状_630,症状,手汗多,现病史,,,,,
症状_631,症状,四肢冷,现病史,,,,,
方剂_632,方剂,八味除烦汤,,,,,,
症状_633,症状,痛风,主诉,,,,,
症状_634,症状,痛风性关节炎,主诉,,,,,
症状_635,症状,嗜酒,现病史,,,,,
症状_636,症状,足踝疼痛,现病史,,,,,
症状_637,症状,四肢刀割样疼痛,现病史,,,,,
症状_638,症状,四肢冷痛,现病史,,,,,
症状_639,症状,踝关节肿,体格检查,,,,,
症状_640,症状,寒热往来,现病史,,,,,
症状_641,症状,小便不畅,现病史,,,,,
症状_642,症状,脉细,体格检查,,,,,
症状_643,症状,苔厚腻,体格检查,,,,,
证型_644,证型,肝郁脾虚证,,,,,,
症状_646,症状,脉沉弦,体格检查,,,,,
症状_647,症状,面色黧黑,体格检查,,,,,
证型_648,证型,瘀热伤阴证,,,,,,
症状_652,症状,咳喘,主诉,,,,,
症状_653,症状,咽异物感,现病史,,,,,
症状_654,症状,乳腺增生,现病史,,,,,
症状_655,症状,舌质红绛,体格检查,,,,,
症状_659,症状,湿疹,主诉,,,,,
症状_660,症状,皮肤瘙痒,主诉,,,,,
症状_661,症状,四肢湿疹,主诉,,,,,
症状_662,症状,四肢皮肤瘙痒,主诉,,,,,
症状_663,症状,四肢无力,现病史,,,,,
症状_664,症状,荨麻疹,现病史,,,,,
症状_665,症状,表情不定,体格检查,,,,,
症状_666,症状,皮肤脱屑,体格检查,,,,,
方剂_667,方剂,肾气丸,,,,,,
方剂_668,方剂,麻黄桂枝各半汤,,,,,,
症状_669,症状,流泪,主诉,,,,,
症状_670,症状,注意力不集中,现病史,,,,,
症状_671,症状,眼睛胀痛,现病史,,,,,
症状_672,症状,鼻痒,现病史,,,,,
症状_673,症状,目痒,现病史,,,,,
症状_674,症状,近视,现病史,,,,,
证型_675,证型,脾胃阳虚证,,,,,,
症状_676,症状,头脑不清爽,现病史,,,,,
症状_677,症状,太阳少阳阳明夹饮,现病史,,,,,
证型_678,证型,胆经郁热证,,,,,,
症状_680,症状,一天,主诉,,,,,
症状_681,症状,腹泻,主诉,,,,,
症状_682,症状,肛门下坠感,现病史,,,,,
症状_683,症状,少腹坠胀,现病史,,,,,
症状_684,症状,左关脉浮,体格检查,,,,,
症状_687,症状,下肢冷,主诉,,,,,
症状_688,症状,小便不利,现病史,,,,,
症状_689,症状,高血压病,现病史,,,,,
症状_690,症状,敏感,现病史,,,,,
症状_691,症状,心血管神经官能症,现病史,,,,,
症状_692,症状,小便次数多,现病史,,,,,
症状_693,症状,心源性水肿,现病史,,,,,
症状_694,症状,腰酸痛,现病史,,,,,
症状_695,症状,睡眠可以,现病史,,,,,
症状_696,症状,双下肢水肿,体格检查,,,,,
症状_697,症状,体型偏胖,体格检查,,,,,
证型_698,证型,肾阳不足证,,,,,,
症状_699,症状,夜寐不安,主诉,,,,,
症状_700,症状,脑鸣,主诉,,,,,
症状_701,症状,难寐,现病史,,,,,
症状_702,症状,腰膝酸软,现病史,,,,,
症状_703,症状,心悸,现病史,,,,,
症状_704,症状,胆怯,现病史,,,,,
症状_705,症状,易疲劳,现病史,,,,,
症状_706,症状,善忧思,现病史,,,,,
症状_707,症状,舌胖大,体格检查,,,,,
症状_708,症状,舌下静脉暴露,体格检查,,,,,
症状_709,症状,舌质红,体格检查,,,,,
方剂_710,方剂,桂枝茯苓丸,,,,,,
症状_712,症状,身困重,主诉,,,,,
症状_713,症状,汗出,主诉,,,,,
症状_714,症状,面部痤疮,现病史,,,,,
症状_715,症状,鼻音,主诉,,,,,
症状_724,症状,易中暑,主诉,,,,,
症状_725,症状,口中和,现病史,,,,,
症状_726,症状,汗多,现病史,,,,,
症状_727,症状,中暑,现病史,,,,,
症状_728,症状,脉沉弱,现病史,,,,,
症状_729,症状,口气重,现病史,,,,,
症状_735,症状,头胀,主诉,,,,,
症状_736,症状,胁肋胀闷,现病史,,,,,
症状_737,症状,短气,现病史,,,,,
症状_738,症状,面色青,体格检查,,,,,
症状_739,症状,唇干燥,体格检查,,,,,
证型_740,证型,胸中血瘀证,,,,,,
方剂_741,方剂,血府逐瘀汤,,,,,,
症状_744,症状,指关节红,主诉,,,,,
症状_745,症状,关节红,主诉,,,,,
症状_746,症状,关节变形,现病史,,,,,
症状_747,症状,四肢水肿,现病史,,,,,
症状_748,症状,裂纹舌,体格检查,,,,,
方剂_749,方剂,桂枝芍药知母汤,,,,,,
症状_751,症状,小便痛,主诉,,,,,
症状_752,症状,大便粘,现病史,,,,,
症状_753,症状,胃炎,现病史,,,,,
症状_754,症状,小腹冷,现病史,,,,,
症状_755,症状,食后,现病史,,,,,
症状_756,症状,大便臭,现病史,,,,,
症状_757,症状,易紧张,现病史,,,,,
症状_758,症状,脐旁悸,现病史,,,,,
症状_759,症状,易急,现病史,,,,,
症状_760,症状,舌暗红,体格检查,,,,,
症状_761,症状,重口味,体格检查,,,,,
症状_762,症状,体中,体格检查,,,,,
症状_763,症状,食欲正常,体格检查,,,,,
症状_764,症状,脸浮肿,体格检查,,,,,
症状_766,症状,乳房胀,主诉,,,,,
症状_767,症状,腰部酸楚,现病史,,,,,
症状_768,症状,白带增多,现病史,,,,,
症状_769,症状,白带腥臭,体格检查,,,,,
证型_770,证型,肝气不疏证,,,,,,
症状_775,症状,腰痛,主诉,,,,,
症状_776,症状,下肢麻木,现病史,,,,,
证型_777,证型,瘀血阻滞证,,,,,,
方剂_778,方剂,独活寄生汤,,,,,,
方剂_779,方剂,活络效灵丹,,,,,,
症状_783,症状,黄带,主诉,,,,,
症状_784,症状,下腹痛,现病史,,,,,
症状_785,症状,子宫内膜增厚,现病史,,,,,
症状_786,症状,两天一次,现病史,,,,,
症状_787,症状,白带夹血,体格检查,,,,,
证型_788,证型,瘀血阻络证,,,,,,
症状_789,症状,尿不尽,现病史,,,,,
症状_790,症状,腰酸楚,现病史,,,,,
证型_791,证型,心肾阳虚证,,,,,,
方剂_792,方剂,茯苓四逆汤,,,,,,
症状_793,症状,侧脑痛,主诉,,,,,
症状_794,症状,大便气味臭,体格检查,,,,,
证型_795,证型,痰热扰心证,,,,,,
症状_797,症状,头面皮肤瘙痒,主诉,,,,,
症状_798,症状,小便色深,现病史,,,,,
症状_799,症状,便软,现病史,,,,,
症状_800,症状,萎软舌,体格检查,,,,,
症状_801,症状,舌质老,体格检查,,,,,
症状_802,症状,舌质芒刺,体格检查,,,,,
方剂_803,方剂,清心莲子饮,,,,,,
症状_806,症状,起夜,现病史,,,,,
症状_807,症状,舌麻,现病史,,,,,
症状_808,症状,肩背酸,现病史,,,,,
症状_809,症状,舌下静脉充盈,体格检查,,,,,
方剂_810,方剂,益气聪明汤,,,,,,
症状_813,症状,恶热,现病史,,,,,
症状_814,症状,畏寒,现病史,,,,,
症状_815,症状,雄激素性脱发,现病史,,,,,
证型_816,证型,寒湿证,,,,,,
方剂_817,方剂,五积散,,,,,,
中药_10,中药,柴胡,,,微冷,胆囊经，肺经，肝经,苦，辛,25.0
中药_11,中药,黄芩,,,冷,大肠经，胆经，肺经，脾经，小肠经其他经络,苦,15.0
中药_12,中药,姜半夏,,,,,,20.0
中药_13,中药,党参,,,甚至,肺经，脾经,甜,15.0
中药_14,中药,炙甘草,,,,,,10.0
中药_15,中药,干姜,,,热,肺经，脾经，肾经，胃经，心经,刺鼻,10.0
中药_16,中药,大枣,,,温暖,脾经，胃经，心经,甜,30.0
中药_17,中药,厚朴,,,温暖,大肠经，肺经，脾经，胃经,苦，辛,20.0
中药_18,中药,茯苓,,,甚至,肺经，脾经，肾经，心经,平淡，甜,20.0
中药_19,中药,蝉蜕,,,,,,12.0
中药_20,中药,炒僵蚕,,,,,,15.0
中药_21,中药,五味子,,,温暖,肺经，肾经，心经,甜，酸,12.0
中药_22,中药,紫苏子,,,温暖,肺经,刺鼻,30.0
中药_23,中药,百部,,,温和,肺经,甜，苦,30.0
中药_37,中药,生甘草,,,,,,20.0
中药_38,中药,黄连,,,冷,大肠经，胆经，肝经，脾经，胃经，心经,苦,3.0
中药_88,中药,法半夏,,,,,,10.0
中药_89,中药,当归,,,温暖,肝经，脾经，心经,甜，辛辣,10.0
中药_90,中药,川芎,,,温暖,胆经，肝经,刺鼻,10.0
中药_91,中药,生白芍,,,,,,20.0
中药_92,中药,生白术,,,,,,20.0
中药_93,中药,泽泻,,,冷,膀胱经，肾经,平淡，甜,10.0
中药_94,中药,酸枣仁,,,甚至,胆经，肝经，心经,甜，酸,10.0
中药_95,中药,生牡蛎,,,,,,15.0
中药_109,中药,阿胶,,,,,,6.0
中药_110,中药,川牛膝,,,甚至,肝经，肾经,甜、苦、酸,10.0
中药_127,中药,炙麻黄,,,,,,12.0
中药_128,中药,苦杏仁,,,温暖,肺经，大肠经,苦,10.0
中药_129,中药,生石膏,,,,,,40.0
中药_130,中药,瓜蒌皮,,,,,,30.0
中药_131,中药,连翘,,,微冷,肺经，小肠经，心经其他经络,苦,30.0
中药_132,中药,栀子,,,冷,肺经，三燃经，心经其他经络,苦,10.0
中药_133,中药,熟大黄,,,,,,10.0
中药_134,中药,知母,,,冷,肺经，肾经，胃经,甜，苦,10.0
中药_135,中药,浙贝母,,,冷,肺经，心经,苦,10.0
中药_146,中药,桂枝,,,温暖,膀胱经，肺经，心经,甜，辛辣,15.0
中药_147,中药,细辛,,,温暖,肺经，肾经，心经,刺鼻,3.0
中药_148,中药,小通草,,,,,,6.0
中药_149,中药,小茴香,,,温暖,肝经，脾经，肾经，胃经,刺鼻,6.0
中药_150,中药,延胡索,,,温暖,肝经，脾经,苦，辛,15.0
中药_151,中药,没药,,,甚至,肝经，脾经，心经,苦，辛,6.0
中药_152,中药,肉桂,,,非常热,肝经，脾经，肾经，心经,甜，辛辣,6.0
中药_153,中药,赤芍,,,凉,肝经，脾经,苦，酸,10.0
中药_154,中药,蒲黄,,,甚至,肝经，心包经其他经络,甜,10.0
中药_155,中药,五灵脂,,,,,,10.0
中药_156,中药,生姜,,,温和,肺经，脾经，胃经,刺鼻,9.0
中药_157,中药,饴糖,,,,,,30.0
中药_158,中药,制附片,,,,,,6.0
中药_169,中药,葛根,,,凉,肺经，脾经，胃经,甜，辛辣,30.0
中药_177,中药,牛膝,,,甚至,肝经，肾经,甜、苦、酸,20.0
中药_178,中药,生龙骨,,,,,,15.0
中药_179,中药,玄参,,,微冷,肺经，肾经，胃经,甜，苦，咸,15.0
中药_180,中药,川楝子,,,冷,膀胱经，肝经，小肠经其他经络,苦,6.0
中药_181,中药,麦芽,,,甚至,脾经，胃经,甜,30.0
中药_182,中药,茵陈蒿,,,,,,30.0
中药_183,中药,代赭石,,,,,,30.0
中药_184,中药,车前子,,,冷,膀胱经，肾经,甜,30.0
中药_185,中药,生地黄,,,,,,30.0
中药_186,中药,龙胆,,,冷,胆经，肝经,苦,9.0
中药_187,中药,通草,,,,,,6.0
中药_188,中药,菊花,,,微冷,肺经，肝经,甜，苦,12.0
中药_189,中药,蒺藜,,,温和,肝经,苦，辛,9.0
中药_190,中药,密蒙花,,,微冷,肝经,甜,10.0
中药_191,中药,夏枯草,,,冷,胆经，肝经,苦，辛,20.0
中药_192,中药,麸炒白术,,,,,,30.0
中药_193,中药,天麻,,,甚至,肝经,甜,10.0
中药_194,中药,陈皮,,,温暖,肺经，脾经,苦，辛,20.0
中药_195,中药,丹参,,,温和,肝经，心经,苦,30.0
中药_196,中药,鸡血藤,,,温暖,肝经，肾经,甜，苦,30.0
中药_203,中药,薄荷,,,凉,肝经，肺经,刺鼻,5.0
中药_204,中药,炒王不留行,,,,,,30.0
中药_205,中药,路路通,,,甚至,膀胱经，肝经,苦,20.0
中药_206,中药,僵蚕,,,,,,10.0
中药_207,中药,全瓜蒌,,,,,,30.0
中药_208,中药,白芷,,,温暖,大肠经络，肺经络，胃经络,刺鼻,10.0
中药_209,中药,生黄芪,,,,,,30.0
中药_210,中药,天花粉,,,微冷,肺经，胃经,甜，微苦,30.0
中药_231,中药,粉防己,,,,,,10.0
中药_232,中药,防风,,,温和,膀胱经，肝经，脾经,甜，辛辣,15.0
中药_233,中药,麦冬,,,微冷,肺经，胃经，心经,甜，微苦,10.0
中药_240,中药,苦参,,,冷,膀胱经，大肠经，肝经，胃经，心经,苦,20.0
中药_241,中药,荆芥,,,温和,肺经，肝经,涩，辛,20.0
中药_242,中药,麸炒苍术,,,,,,20.0
中药_243,中药,炒牛蒡子,,,,,,10.0
中药_244,中药,木通,,,冷,膀胱经，小肠经，心经其他经络,苦,6.0
中药_262,中药,姜厚朴,,,,,,10.0
中药_272,中药,枳实,,,微冷,脾经，胃经,苦，酸，辛,18.0
中药_292,中药,炒麦芽,,,,,,20.0
中药_307,中药,鸡子黄,,,,,,50.0
中药_308,中药,白茅根,,,冷,肺经，胃经，小肠经其他经络,甜,15.0
中药_309,中药,吴茱萸,,,热,肝经，脾经，肾经，胃经,苦，辛,6.0
中药_310,中药,牡丹皮,,,微冷,肝经，肾经，心经,苦，辛,10.0
中药_315,中药,麸炒枳实,,,,,,4.0
中药_316,中药,芒硝,,,,,,6.0
中药_317,中药,山楂,,,温和,肝经，脾经，胃经,甜，酸,10.0
中药_318,中药,炒莱菔子,,,,,,12.0
中药_319,中药,六神曲,,,,,,12.0
中药_320,中药,姜竹茹,,,,,,10.0
中药_321,中药,菖蒲,,,,,,10.0
中药_322,中药,郁金,,,冷,肺经，肝经，心经,苦，辛,9.0
中药_326,中药,生麻黄,,,,,,5.0
中药_327,中药,赤小豆,,,甚至,小肠经络，心经其他经络,甜，酸,20.0
中药_328,中药,白鲜皮,,,冷,膀胱经，脾经，胃经,苦,10.0
中药_329,中药,桔梗,,,甚至,肺经,苦，辛,10.0
中药_330,中药,白扁豆,,,温和,脾经，胃经,甜,15.0
中药_331,中药,白豆蔻,,,,,,5.0
中药_350,中药,钩藤,,,凉,肝经，心包经其他经络,甜,10.0
中药_351,中药,石决明,,,,,,15.0
中药_352,中药,桑寄生,,,甚至,肝经，肾经,甜，苦,10.0
中药_353,中药,益母草,,,微冷,膀胱经，肝经，心包经其他经络,苦，辛,15.0
中药_354,中药,杜仲,,,温暖,肝经，肾经,甜,10.0
中药_355,中药,茯神,,,,,,10.0
中药_356,中药,首乌藤,,,,,,10.0
中药_388,中药,煅牡蛎,,,,,,10.0
中药_398,中药,藿香,,,,,,12.0
中药_413,中药,紫苏叶,,,温暖,肺经，脾经,刺鼻,10.0
中药_414,中药,生大黄,,,,,,5.0
中药_435,中药,川木通,,,冷,膀胱经，小肠经，心经其他经络,苦,10.0
中药_436,中药,射干,,,冷,肺经,苦,10.0
中药_437,中药,滑石,,,,,,30.0
中药_438,中药,远志,,,温暖,肺经，肾经，心经,苦，辛,10.0
中药_452,中药,金银花,,,冷,肺经，胃经，心经,甜,10.0
中药_453,中药,牛蒡子,,,冷,肺经，胃经,苦，辛,10.0
中药_454,中药,淡竹叶,,,冷,胃经，小肠经，心经其他经络,平淡，甜,10.0
中药_455,中药,苡仁,,,,,,15.0
中药_456,中药,玉竹,,,微冷,肺经，胃经,甜,10.0
中药_457,中药,石斛,,,微冷,胃经，三燃经，肾经其他经络,甜,10.0
中药_458,中药,芦根,,,冷,膀胱经，肺经，胃经,甜,15.0
中药_461,中药,制川乌,,,,,,5.0
中药_462,中药,制草乌,,,,,,5.0
中药_463,中药,独活,,,温和,膀胱经，肾经,苦，辛,5.0
中药_464,中药,木瓜,,,温暖,肝经，脾经,酸,5.0
中药_465,中药,续断,,,温和,肝经，肾经,苦，辛,10.0
中药_466,中药,威灵仙,,,温暖,膀胱经络,咸味，辛辣,10.0
中药_467,中药,竹茹,,,微冷,胆经，肺经，胃经，心经,甜,10.0
中药_477,中药,人参,,,温和,肺经，脾经，肾经，心经,甜，微苦,9.0
中药_491,中药,海螵蛸,,,,,,20.0
中药_492,中药,紫石英,,,,,,60.0
中药_493,中药,香附,,,甚至,肝经，脾经，三燃经其他经络,微甜，微苦，辛辣,20.0
中药_494,中药,羌活,,,温暖,膀胱经，肾经,苦，辛,40.0
中药_495,中药,瓜蒌仁,,,,,,10.0
中药_513,中药,苏梗,,,,,,10.0
中药_514,中药,蜜黄芩,,,,,,10.0
中药_515,中药,海桐皮,,,,,,10.0
中药_516,中药,刺猬皮,,,,,,10.0
中药_545,中药,荆芥炭,,,,,,20.0
中药_546,中药,山茱萸,,,温和,肝经，肾经,涩，酸,6.0
中药_547,中药,棕榈炭,,,,,,20.0
中药_549,中药,山药,,,甚至,肺经，脾经，肾经,甜,20.0
中药_565,中药,枳壳,,,微冷,脾经，胃经,苦，酸，辛,60.0
中药_569,中药,生半夏,,,,,,12.0
中药_570,中药,红参,,,温暖,肺经，脾经，三燃经，肾经，心经其他经络,甜，微苦,10.0
中药_571,中药,枯芩,,,,,,10.0
中药_572,中药,艾叶,,,温暖,肝经，脾经，肾经,苦，辛,30.0
中药_573,中药,侧柏叶,,,冷,大肠经，肝经，心经,苦涩,30.0
中药_574,中药,藜芦,,,,,,1.5
中药_587,中药,沉香,,,温暖,脾经，肾经，胃经,苦，辛,3.0
中药_588,中药,蒲公英,,,冷,肝经，胃经,甜，苦,15.0
中药_589,中药,蜜枇杷叶,,,,,,6.0
中药_590,中药,蜜桂枝,,,,,,10.0
中药_600,中药,苍术,,,温暖,脾经，胃经,苦，辛,20.0
中药_606,中药,熟地黄,,,,,,10.0
中药_607,中药,盐车前子,,,,,,10.0
中药_619,中药,淫羊藿,,,温暖,肝经，三燃经，肾经其他经络,甜，微苦，辛辣,10.0
中药_620,中药,制巴戟天,,,,,,10.0
中药_621,中药,黄柏,,,冷,膀胱经，肾经,苦,10.0
中药_625,中药,麸炒枳壳,,,,,,5.0
中药_626,中药,九节菖蒲,,,,,,10.0
中药_627,中药,烫狗脊,,,,,,10.0
中药_645,中药,炒白芍,,,,,,10.0
中药_649,中药,煅石决明,,,,,,30.0
中药_650,中药,合欢皮,,,甚至,肺经，肝经，心经,甜,15.0
中药_651,中药,分心木,,,,,,20.0
中药_656,中药,川贝母,,,凉,肺经,甜，苦,10.0
中药_657,中药,炒黄芩,,,,,,1.0
中药_658,中药,鱼腥草,,,微冷,肺经,刺鼻,15.0
中药_679,中药,贝母花,,,,,,10.0
中药_685,中药,木香,,,温暖,大肠经，胆经，脾经，三燃经，胃经其他经络,苦，辛,5.0
中药_686,中药,砂仁,,,温暖,脾经，肾经，胃经,刺鼻,6.0
中药_711,中药,桃仁,,,甚至,大肠经，肝经，心经,甜，苦,6.0
中药_716,中药,桑叶,,,冷,肺经，肝经,甜，苦,10.0
中药_717,中药,苍耳子,,,温暖,肺经，肝经,甜,10.0
中药_718,中药,辛夷,,,温暖,肺经，胃经,刺鼻,10.0
中药_719,中药,桑白皮,,,冷,肺经,甜,10.0
中药_720,中药,车前草,,,冷,膀胱经，肾经,甜,10.0
中药_721,中药,炒山楂,,,,,,10.0
中药_722,中药,莱菔子,,,微冷,肺经，肝经，胃经,甜，苦,5.5
中药_723,中药,炒六神曲,,,,,,10.0
中药_730,中药,香薷,,,温和,肺经，胃经,刺鼻,10.0
中药_731,中药,炒白扁豆,,,,,,30.0
中药_732,中药,荷叶,,,甚至,肝经，脾经，胃经,苦,10.0
中药_733,中药,酒黄连,,,,,,5.0
中药_734,中药,生姜皮,,,,,,15.0
中药_742,中药,红花,,,温暖,肝经，心经,刺鼻,10.0
中药_743,中药,三七,,,温暖,肝经，胃经,甜，微苦,6.0
中药_750,中药,土茯苓,,,甚至,肝经，胃经,平淡，甜,15.0
中药_765,中药,青蒿,,,冷,胆经，肝经,苦，辛,10.0
中药_771,中药,炒川芎,,,,,,6.0
中药_772,中药,炒蒺藜,,,,,,10.0
中药_773,中药,全蝎,,,,,,3.0
中药_774,中药,炒白术,,,,,,30.0
中药_780,中药,乳香,,,温暖,肝经，脾经，心经,苦，辛,10.0
中药_781,中药,地龙,,,,,,10.0
中药_782,中药,秦艽,,,甚至,胆经，肝经，胃经,苦，辛,10.0
中药_796,中药,磁石,,,,,,30.0
中药_804,中药,莲子,,,甚至,脾经，肾经，心经,甜，涩,20.0
中药_805,中药,地骨皮,,,冷,肝经，肺经,甜,10.0
中药_811,中药,蔓荆子,,,微冷,膀胱经，肝经，胃经,苦，辛,10.0
中药_812,中药,升麻,,,微冷,大肠经，肺经，脾经，胃经,微甜，辛辣,9.0
中药_818,中药,一枝黄花,herb_csv,,凉,肺经，肝经,苦，辛,
中药_819,中药,丁公藤,herb_csv,,温暖,肝经，脾经，胃经,刺鼻,
中药_820,中药,丁香,herb_csv,,温暖,肺经，脾经，肾经，胃经,刺鼻,
中药_821,中药,三棱,herb_csv,,甚至,肝经，脾经,苦，辛,
中药_822,中药,三白草,herb_csv,,冷,膀胱经，肺经,甜，辛辣,
中药_823,中药,三颗针,herb_csv,,冷,大肠经，肝经，胃经,苦,
中药_824,中药,丝瓜络,herb_csv,,甚至,肺经，肝经，胃经,甜,
中药_825,中药,两面针,herb_csv,,甚至,肝经、胃经,苦，辛,
中药_826,中药,乌头,herb_csv,,,,,
中药_827,中药,乌梅,herb_csv,,甚至,大肠经，肺经，肝经，脾经,涩，酸,
中药_828,中药,乌药,herb_csv,,温暖,膀胱经，肺经，脾经，肾经,刺鼻,
中药_829,中药,九里香,herb_csv,,温暖,N/A其他经络,微苦，辛,
中药_830,中药,五加皮,herb_csv,,温暖,肝经、肾经,辛辣、苦涩、甜,
中药_831,中药,亚麻子,herb_csv,,甚至,大肠经络，肺经络，肝经络,甜,
中药_832,中药,人参叶,herb_csv,,冷,肺经，胃经,甜，苦,
中药_833,中药,仙茅,herb_csv,,热,肝经，脾经，肾经,刺鼻,
中药_834,中药,仙鹤草,herb_csv,,甚至,肝经，心经,苦涩,
中药_835,中药,伊贝母,herb_csv,,微冷,肺经，心经,甜，苦,
中药_836,中药,何首乌,herb_csv,,温和,肝经，肾经，心经,甜、苦、涩,
中药_837,中药,佛手,herb_csv,,温暖,肺经，肝经，脾经，胃经,苦，酸，辛,
中药_838,中药,佩兰,herb_csv,,甚至,肺经，脾经，胃经,刺鼻,
中药_839,中药,使君子,herb_csv,,温暖,脾经，胃经,甜,
中药_840,中药,偏头七,herb_csv,,冷,肝经，脾经，肾经,苦，微甜,
中药_841,中药,八角茴香,herb_csv,,温暖,脾经，肾经,甜，辛辣,
中药_842,中药,冬凌草,herb_csv,,微冷,肺经，肝经，胃经,甜，苦,
中药_843,中药,冬瓜皮,herb_csv,,凉,脾经，小肠经其他经络,甜,
中药_844,中药,冰片,herb_csv,,凉,肺经，心经,苦，辛,
中药_845,中药,决明子,herb_csv,,微冷,大肠经络，肝经,甜，苦，咸,
中药_846,中药,刀豆,herb_csv,,温暖,肾经，胃经,甜,
中药_847,中药,刺五加,herb_csv,,温暖,脾经，肾经，心经,微苦，辛,
中药_848,中药,前胡,herb_csv,,微冷,肺经,苦，辛,
中药_849,中药,化橘红,herb_csv,,温暖,肺经、脾经,辛，苦,
中药_850,中药,北刘寄奴,herb_csv,,温暖,脾经，心经,苦,
中药_851,中药,北沙参,herb_csv,,凉,肺经，脾经,平淡、甜、苦,
中药_852,中药,北豆根,herb_csv,,冷,大肠经络，肺经络，胃经络,苦,
中药_853,中药,千里光,herb_csv,,冷,肺经，肝经,苦,
中药_854,中药,千金子,herb_csv,,温暖,大肠经络、肝经、肾经,刺鼻,
中药_855,中药,半夏,herb_csv,,温暖,脾经，胃经,刺鼻,
中药_856,中药,半枝莲,herb_csv,,冷,肺经，肝经，肾经,苦，辛,
中药_857,中药,半边莲,herb_csv,,甚至,肺经，小肠经，心经其他经络,刺鼻,
中药_858,中药,南五味子,herb_csv,,温暖,肺经，肾经，心经,甜，酸,
中药_859,中药,南鹤虱,herb_csv,,甚至,脾经，胃经,苦，辛,
中药_860,中药,卷柏,herb_csv,,甚至,肝经，心经,刺鼻,
中药_861,中药,合欢花,herb_csv,,甚至,肝经，心经,甜,
中药_862,中药,商陆,herb_csv,,冷,大肠经，肺经，脾经，肾经,苦,
中药_863,中药,四季青,herb_csv,,凉,膀胱经，大肠经，肺经,苦涩,
中药_864,中药,土木香,herb_csv,,温暖,肝经，脾经,苦，辛,
中药_865,中药,土荆皮,herb_csv,,温暖,肺经，脾经,刺鼻,
中药_866,中药,土贝母,herb_csv,,微冷,肺经，脾经,苦,
中药_867,中药,地榆,herb_csv,,微冷,大肠经络，肝经,苦味、涩味、酸味,
中药_868,中药,地黄,herb_csv,,凉,心经、肝经、肾经,甜，苦,
中药_869,中药,垂盆草,herb_csv,,凉,胆经，肝经，小肠经其他经络,甜,
中药_870,中药,墨旱莲,herb_csv,,凉,肾经、肝经,甜，酸,
中药_871,中药,夏天无,herb_csv,,温暖,肝经,苦，微辛,
中药_872,中药,大叶紫珠,herb_csv,,甚至,肺经，肝经，胃经,苦，辛,
中药_873,中药,大戟,herb_csv,,,,,
中药_874,中药,大皂角,herb_csv,,温暖,大肠经络，肺经络,咸味，辛辣,
中药_875,中药,大蒜,herb_csv,,温暖,肺经，脾经，胃经,刺鼻,
中药_876,中药,大蓟,herb_csv,,凉,肝经，心经,甜，苦,
中药_877,中药,大血藤,herb_csv,,甚至,大肠经络，肝经,苦,
中药_878,中药,大青叶,herb_csv,,冷,肝经，胃经，心经,苦,
中药_879,中药,大黄,herb_csv,,冷,大肠经，肝经，胃经,苦,
中药_880,中药,天仙子,herb_csv,,温暖,肝经，胃经，心经,苦，辛,
中药_881,中药,天仙藤,herb_csv,,温暖,肝经，脾经，肾经,苦,
中药_882,中药,天冬,herb_csv,,冷,肺经，肾经,甜，苦,
中药_883,中药,天南星,herb_csv,,温暖,肺经，肝经，脾经,苦，辛,
中药_884,中药,天竺黄,herb_csv,,凉,心经、肝经,甜,
中药_885,中药,太子参,herb_csv,,甚至,肺经，脾经,甜，微苦,
中药_886,中药,女贞子,herb_csv,,凉,肝经，肾经,甜，苦,
中药_887,中药,委陵菜,herb_csv,,冷,大肠经络，肝经,苦,
中药_888,中药,姜黄,herb_csv,,温暖,肝经，脾经,苦，辛,
中药_889,中药,娑罗子,herb_csv,,温暖,肝经，胃经,甜,
中药_890,中药,安息香,herb_csv,,温暖,肝经，脾经，心经,苦，辛,
中药_891,中药,官桂,herb_csv,,,,,
中药_892,中药,密陀僧,herb_csv,,,,,
中药_893,中药,小蓟,herb_csv,,凉,肝经，心经,甜，苦,
中药_894,中药,山慈菇,herb_csv,,凉,肝经，脾经,甜，微辛,
中药_895,中药,山柰,herb_csv,,冷,肺经，肝经,苦,
中药_896,中药,山豆根,herb_csv,,冷,肺经，胃经,苦,
中药_897,中药,岩白菜,herb_csv,,甚至,肺经，肝经，脾经,苦涩,
中药_898,中药,川乌,herb_csv,,热,肝经，脾经，肾经，心经,苦，辛,
中药_899,中药,川木香,herb_csv,,温暖,大肠经，胆经，脾经，胃经,苦，辛,
中药_900,中药,巴戟天,herb_csv,,温暖,肝经，肾经,甜，辛辣,
中药_901,中药,巴豆,herb_csv,,热,大肠经络，胃经络,刺鼻,
中药_902,中药,巴豆霜,herb_csv,,热,大肠经络，胃经络,刺鼻,
中药_903,中药,常山,herb_csv,,冷,肝经，脾经,苦，辛,
中药_904,中药,平贝母,herb_csv,,微冷,肺经，心经,甜，苦,
中药_905,中药,广藿香,herb_csv,,温暖,脾经、胃经、肺经,刺鼻,
中药_906,中药,广金钱草,herb_csv,,凉,膀胱经，肝经，肾经,甜,
中药_907,中药,当药,herb_csv,,冷,大肠经，肝经，胃经,苦,
中药_908,中药,徐长卿,herb_csv,,温暖,肝经，胃经,刺鼻,
中药_909,中药,忍冬藤,herb_csv,,冷,肺经，胃经,甜,
中药_910,中药,急性子,herb_csv,,温暖,肺经，肝经,微苦，辛,
中药_911,中药,拳参,herb_csv,,微冷,大肠经络，肺经络，肝经络,苦涩,
中药_912,中药,救必应,herb_csv,,冷,大肠经，肺经，肝经，胃经,苦,
中药_913,中药,旋覆花,herb_csv,,温和,大肠经，肺经，脾经，胃经,苦，咸，辛,
中药_914,中药,昆布,herb_csv,,冷,肝经，肾经，胃经,咸,
中药_915,中药,明党参,herb_csv,,微冷,肺经，肝经，脾经,甜，微苦,
中药_916,中药,月季花,herb_csv,,温暖,肝经,甜，微苦,
中药_917,中药,木蝴蝶,herb_csv,,凉,肝经，肺经，胃经,甜，苦,
中药_918,中药,木贼,herb_csv,,甚至,肺经，肝经,甜，苦,
中药_919,中药,木鳖子,herb_csv,,凉,肝经，脾经，胃经,苦，微甜,
中药_920,中药,朱砂根,herb_csv,,甚至,肺经，肝经,微苦，辛,
中药_921,中药,朴硝,herb_csv,,,,,
中药_922,中药,杜仲叶,herb_csv,,冷,肝经，肾经,甜，苦,
中药_923,中药,杠板归,herb_csv,,微冷,膀胱经，肺经,酸,
中药_924,中药,板蓝根,herb_csv,,冷,胃经，心经,苦,
中药_925,中药,枇杷叶,herb_csv,,微冷,肺经，胃经,苦,
中药_926,中药,枸杞子,herb_csv,,甚至,肝经，肾经,甜,
中药_927,中药,枸骨叶,herb_csv,,甚至,胃经,苦涩,
中药_928,中药,柏子仁,herb_csv,,甚至,肝经，脾经，心经,甜,
中药_929,中药,柿蒂,herb_csv,,甚至,胃经,苦涩,
中药_930,中药,桃枝,herb_csv,,甚至,肝经，心经,苦,
中药_931,中药,桑枝,herb_csv,,甚至,肝经,微苦,
中药_932,中药,棕榈,herb_csv,,甚至,大肠经络，肺经络，肝经络,苦涩,
中药_933,中药,榼藤子,herb_csv,,凉,肝经，脾经，肾经，胃经,微苦,
中药_934,中药,槐花,herb_csv,,微冷,大肠经络，肝经,苦,
中药_935,中药,槐角,herb_csv,,冷,大肠经络，肝经,苦,
中药_936,中药,槟榔,herb_csv,,温暖,大肠经，脾经，胃经,苦，辛,
中药_937,中药,槲寄生,herb_csv,,甚至,肝经，肾经,苦,
中药_938,中药,橘核,herb_csv,,甚至,肝经，肾经,苦,
中药_939,中药,檀香,herb_csv,,温暖,肺经，脾经，胃经，心经,刺鼻,
中药_940,中药,款冬花,herb_csv,,温暖,肺经,微苦，辛,
中药_941,中药,水银,herb_csv,,,,,
中药_942,中药,水飞蓟,herb_csv,,凉,胆经，肝经,苦,
中药_943,中药,沙参,herb_csv,,,,,
中药_944,中药,泽兰,herb_csv,,温和,肝经，脾经,苦，辛,
中药_945,中药,洋金花,herb_csv,,温暖,肺经，肝经,刺鼻,
中药_946,中药,浮萍,herb_csv,,冷,肺经,刺鼻,
中药_947,中药,海藻,herb_csv,,,,,
中药_948,中药,海藻（羊栖菜）,herb_csv,,冷,肝经，三燃经，肾经，胃经其他经络,苦，咸,
中药_949,中药,海金沙,herb_csv,,冷,膀胱经络，小肠经络其他经络,甜，咸,
中药_950,中药,海风藤,herb_csv,,温和,肝经,苦，辛,
中药_951,中药,满山红,herb_csv,,冷,肺经,苦，辛,
中药_952,中药,漏芦,herb_csv,,冷,胃经,苦,
中药_953,中药,火麻仁,herb_csv,,甚至,大肠经，脾经，胃经,甜,
中药_954,中药,灯心草,herb_csv,,微冷,肺经，小肠经，心经其他经络,平淡，甜,
中药_955,中药,灯盏细辛,herb_csv,,温暖,肝经，心经,微苦，辛,
中药_956,中药,灵芝,herb_csv,,甚至,肺经，肝经，肾经，心经,甜,
中药_957,中药,焦栀子,herb_csv,,冷,肺经，三燃经，心经其他经络,苦,
中药_958,中药,牙硝,herb_csv,,,,,
中药_959,中药,牡荆叶,herb_csv,,甚至,肺经,微苦，辛,
中药_960,中药,牵牛,herb_csv,,,,,
中药_961,中药,牵牛子,herb_csv,,冷,大肠经，肺经，肾经,苦,
中药_962,中药,犀角,herb_csv,,,,,
中药_963,中药,独一味,herb_csv,,甚至,肝经,甜，苦,
中药_964,中药,狼毒,herb_csv,,甚至,肝经，脾经,刺鼻,
中药_965,中药,猪牙皂,herb_csv,,温暖,肺经，大肠经,辛辣，咸味,
中药_966,中药,王不留行,herb_csv,,甚至,肝经，胃经,苦,
中药_967,中药,玫瑰花,herb_csv,,温暖,肝经，脾经,甜，微苦,
中药_968,中药,珠子参,herb_csv,,冷,肺经，肝经，胃经,微甜，苦,
中药_969,中药,瓜蒌,herb_csv,,冷,大肠经络，肺经络，胃经络,甜，微苦,
中药_970,中药,甘松,herb_csv,,温暖,脾经，胃经,甜，辛辣,
中药_971,中药,甘草,herb_csv,,甚至,肺经，脾经，胃经，心经,甜,
中药_972,中药,甘遂,herb_csv,,冷,大肠经络，肺经络，胃经络,苦,
中药_973,中药,番泻叶,herb_csv,,冷,大肠经络,甜，苦,
中药_974,中药,白前,herb_csv,,温和,肺经,苦，辛,
中药_975,中药,白及,herb_csv,,凉,肺经,甜，苦,
中药_976,中药,白头翁,herb_csv,,冷,大肠经，肝经，胃经,苦,
中药_977,中药,白屈菜,herb_csv,,凉,肺经，胃经,苦,
中药_978,中药,白术,herb_csv,,温暖,脾经，胃经,甜，苦,
中药_979,中药,白果,herb_csv,,甚至,肺经，肾经,甜、苦、涩,
中药_980,中药,白芍,herb_csv,,微冷,肝经，脾经,苦，酸,
中药_981,中药,白蔹,herb_csv,,凉,肝经，脾经，心经,甜、苦、辛辣,
中药_982,中药,白薇,herb_csv,,冷,肝经，肾经，胃经,苦，咸,
中药_983,中药,白附子,herb_csv,,温暖,肝经，胃经,刺鼻,
中药_984,中药,百合,herb_csv,,冷,肺经，心经,甜,
中药_985,中药,皂角刺,herb_csv,,温暖,肝经，胃经,刺鼻,
中药_986,中药,益智,herb_csv,,温暖,脾经，肾经,刺鼻,
中药_987,中药,石吊兰,herb_csv,,温暖,肺经,苦,
中药_988,中药,石榴皮,herb_csv,,温暖,大肠经络,涩，酸,
中药_989,中药,石菖蒲,herb_csv,,温暖,胃经，心经,苦，辛,
中药_990,中药,石韦,herb_csv,,微冷,膀胱经，肺经,甜，苦,
中药_991,中药,砒霜,herb_csv,,,,,
中药_992,中药,硫磺,herb_csv,,,,,
中药_993,中药,积雪草,herb_csv,,冷,肝经，脾经，肾经,苦，辛,
中药_994,中药,穿山龙,herb_csv,,微冷,肺经，肝经,苦,
中药_995,中药,穿心莲,herb_csv,,冷,膀胱经，大肠经，肺经，心经,苦,
中药_996,中药,竹根七,herb_csv,,冷,肝经，脾经，肾经,苦，微甜,
中药_997,中药,筋骨草,herb_csv,,冷,肺经,苦,
中药_998,中药,紫花地丁,herb_csv,,冷,肝经，心经,苦，辛,
中药_999,中药,紫苏梗,herb_csv,,温暖,肺经，脾经,刺鼻,
中药_1000,中药,紫草,herb_csv,,冷,肝经，心经,甜，咸,
中药_1001,中药,紫菀,herb_csv,,温暖,肺经,苦，辛,
中药_1002,中药,红景天,herb_csv,,甚至,肺经，心经,甜，苦,
中药_1003,中药,络石藤,herb_csv,,微冷,肝经，肾经，心经,苦，辛,
中药_1004,中药,绵萆薢,herb_csv,,甚至,肾经，胃经,苦,
中药_1005,中药,罂粟壳,herb_csv,,甚至,大肠经，肺经，肾经,涩，酸,
中药_1006,中药,罗布麻叶,herb_csv,,凉,肝经,甜，苦,
中药_1007,中药,罗汉果,herb_csv,,凉,脾经，脾经,甜,
中药_1008,中药,老鹳草,herb_csv,,甚至,肝经，脾经，肾经,苦，辛,
中药_1009,中药,肉苁蓉,herb_csv,,温暖,大肠经络，肾经络,甜，咸,
中药_1010,中药,肉豆蔻,herb_csv,,温暖,大肠经，脾经，胃经,刺鼻,
中药_1011,中药,肿节风,herb_csv,,甚至,肝经，心经,苦，辛,
中药_1012,中药,胖大海,herb_csv,,冷,大肠经络，肺经络,甜,
中药_1013,中药,胡椒,herb_csv,,热,大肠经络，胃经络,刺鼻,
中药_1014,中药,胡芦巴,herb_csv,,温暖,肾经,苦,
中药_1015,中药,胡黄连,herb_csv,,冷,大肠经，肝经，胃经,苦,
中药_1016,中药,芍药,herb_csv,,,,,
中药_1017,中药,芡实,herb_csv,,甚至,脾经，肾经,甜，涩,
中药_1018,中药,芥子,herb_csv,,温暖,肺经,刺鼻,
中药_1019,中药,芦荟,herb_csv,,冷,大肠经络，肝经,苦,
中药_1020,中药,芫花,herb_csv,,温暖,肺经，脾经，肾经,苦，辛,
中药_1021,中药,花椒,herb_csv,,温暖,脾经，肾经，胃经,刺鼻,
中药_1022,中药,苏合香,herb_csv,,温暖,脾经，心经,刺鼻,
中药_1023,中药,苏木,herb_csv,,甚至,肝经，脾经，心经,甜，咸,
中药_1024,中药,苦地丁,herb_csv,,冷,大肠经，肝经，心经,苦,
中药_1025,中药,苦木,herb_csv,,冷,大肠经络，肺经络,苦,
中药_1026,中药,苦楝皮,herb_csv,,冷,肝经，脾经，胃经,苦,
中药_1027,中药,苦玄参,herb_csv,,冷,肺经，肝经，胃经,苦,
中药_1028,中药,茜草,herb_csv,,冷,肝经,苦,
中药_1029,中药,茵陈,herb_csv,,微冷,胆经，肝经，脾经，胃经,苦，辛,
中药_1030,中药,草乌,herb_csv,,热,肝经，脾经，心经,苦，辛,
中药_1031,中药,草果,herb_csv,,温暖,脾经，胃经,刺鼻,
中药_1032,中药,草豆蔻,herb_csv,,温暖,脾经，胃经,刺鼻,
中药_1033,中药,荜澄茄,herb_csv,,温暖,脾经，肾经,刺鼻,
中药_1034,中药,荜茇,herb_csv,,热,脾经，胃经,刺鼻,
中药_1035,中药,药王茶,herb_csv,,甚至,心经、肝脾经其他经络,微甜,
中药_1036,中药,莪术,herb_csv,,不适用,肝经，脾经,苦，辛,
中药_1037,中药,莲子心,herb_csv,,冷,肾经，心经,苦,
中药_1038,中药,菊苣,herb_csv,,凉,胆经，肝经，胃经,微苦，咸,
中药_1039,中药,菝葜,herb_csv,,甚至,肝经，肾经,甜，涩，微苦,
中药_1040,中药,菟丝子,herb_csv,,甚至,肝经，脾经，肾经,甜，辛辣,
中药_1041,中药,菥蓂,herb_csv,,微冷,大肠经，肝经，胃经,刺鼻,
中药_1042,中药,萹蓄,herb_csv,,微冷,膀胱经络,苦,
中药_1043,中药,葶苈子,herb_csv,,大寒,膀胱经，肺经,苦，辛,
中药_1044,中药,蓍草,herb_csv,,甚至,膀胱经，肺经，脾经,苦，酸,
中药_1045,中药,蓖麻子,herb_csv,,甚至,大肠经络，肺经络,甜，辛辣,
中药_1046,中药,蓼大青叶,herb_csv,,冷,胃经，心经,苦,
中药_1047,中药,薏苡仁,herb_csv,,凉,肺经，脾经，胃经,平淡，甜,
中药_1048,中药,薤白,herb_csv,,温暖,大肠经，肺经，胃经，心经,苦，辛,
中药_1049,中药,藁本,herb_csv,,温暖,膀胱经络,刺鼻,
中药_1050,中药,藕节,herb_csv,,甚至,肺经，肝经，胃经,甜，涩,
中药_1051,中药,虎杖,herb_csv,,微冷,胆囊经，肺经，肝经,微苦,
中药_1052,中药,蛇床子,herb_csv,,温暖,肾经,苦，辛,
中药_1053,中药,蜘蛛香,herb_csv,,温暖,脾经，胃经，心经,微苦，辛,
中药_1054,中药,血竭,herb_csv,,甚至,肝经，心经,甜，咸,
中药_1055,中药,补骨脂,herb_csv,,温暖,肾经,刺鼻,
中药_1056,中药,西洋参,herb_csv,,凉,肺经，肾经，心经,甜，微苦,
中药_1057,中药,覆盆子,herb_csv,,温暖,N/A其他经络,甜，酸,
中药_1058,中药,诃子,herb_csv,,甚至,大肠经络，肺经络,苦味、涩味、酸味,
中药_1059,中药,谷精草,herb_csv,,甚至,肺经，肝经,甜，辛辣,
中药_1060,中药,豆蔻,herb_csv,,温暖,肺经，脾经，胃经,刺鼻,
中药_1061,中药,豨莶草,herb_csv,,冷,肝经，肾经,苦，辛,
中药_1062,中药,贝母,herb_csv,,,,,
中药_1063,中药,赤石脂,herb_csv,,,,,
中药_1064,中药,辣椒,herb_csv,,热,脾经，心经,刺鼻,
中药_1065,中药,连钱草,herb_csv,,微冷,膀胱经，肝经，肾经,微苦，辛,
中药_1066,中药,追风七（蓝布正）,herb_csv,,凉,肺经，肝经，脾经,甜，微苦,
中药_1067,中药,郁李仁,herb_csv,,甚至,大肠经络，脾经，小肠经络其他经络,甜、苦、辛辣,
中药_1068,中药,野木瓜,herb_csv,,甚至,肝经，胃经,微苦,
中药_1069,中药,野菊花,herb_csv,,微冷,肝经，心经,苦，辛,
中药_1070,中药,金果榄,herb_csv,,冷,大肠经络，肺经络,苦,
中药_1071,中药,金樱子,herb_csv,,甚至,膀胱经，大肠经，肾经,甜、涩、酸,
中药_1072,中药,金沸草,herb_csv,,温暖,大肠经络，肺经络,苦，咸，辛,
中药_1073,中药,金钱草,herb_csv,,微冷,膀胱经，胆经，肝经，肾经,甜，咸,
中药_1074,中药,金铁锁,herb_csv,,温暖,肝经,苦，辛,
中药_1075,中药,银柴胡,herb_csv,,微冷,肝经，胃经,甜,
中药_1076,中药,锁阳,herb_csv,,温暖,大肠经络、肝经、肾经,甜,
中药_1077,中药,闹羊花,herb_csv,,温暖,肝经,刺鼻,
中药_1078,中药,防己,herb_csv,,冷,膀胱经，肺经,苦,
中药_1079,中药,附子,herb_csv,,非常热,脾经，肾经，心经,甜，辛辣,
中药_1080,中药,降香,herb_csv,,温暖,肝经，脾经,刺鼻,
中药_1081,中药,雷公藤,herb_csv,,凉,肝经，三燃经，肾经其他经络,苦，辛,
中药_1082,中药,青叶胆,herb_csv,,冷,膀胱经，胆囊经，肝经,甜，苦,
中药_1083,中药,青果,herb_csv,,甚至,肺经，胃经,甜，酸,
中药_1084,中药,青皮,herb_csv,,温暖,肝经、胆经、胃经,苦，辛,
中药_1085,中药,青葙子,herb_csv,,微冷,肝经,苦,
中药_1086,中药,青风藤,herb_csv,,甚至,肝经，脾经,苦，辛,
中药_1087,中药,韭菜子,herb_csv,,温暖,肝经，肾经,甜，辛辣,
中药_1088,中药,预知子,herb_csv,,冷,膀胱经，胆经，肝经，胃经,苦,
中药_1089,中药,颠茄草,herb_csv,,不适用,N/A其他经络,微苦，辛,
中药_1090,中药,香加皮,herb_csv,,温暖,肝经，肾经，心经,苦，辛,
中药_1091,中药,香橼,herb_csv,,温暖,肺经，肝经，脾经,苦，酸，辛,
中药_1092,中药,马兜铃,herb_csv,,微冷,大肠经络，肺经络,苦,
中药_1093,中药,马钱子,herb_csv,,冷,肝经，脾经,苦,
中药_1094,中药,马鞭草,herb_csv,,冷,肝经，脾经,苦，辛,
中药_1095,中药,马齿苋,herb_csv,,冷,大肠经络，肝经,酸,
中药_1096,中药,骨碎补,herb_csv,,温暖,肝经，肾经,苦,
中药_1097,中药,高良姜,herb_csv,,热,脾经，胃经,刺鼻,
中药_1098,中药,鸡冠花,herb_csv,,凉,大肠经络，肝经,甜，涩,
中药_1099,中药,鸡骨草,herb_csv,,凉,肝经，胃经,甜，微苦,
中药_1100,中药,鸦胆子,herb_csv,,冷,大肠经络，肝经,苦,
中药_1101,中药,鸭跖草,herb_csv,,冷,肺经，胃经，小肠经其他经络,平淡，甜,
中药_1102,中药,鹅不食草,herb_csv,,温暖,肺经,刺鼻,
中药_1103,中药,鹿衔草,herb_csv,,不适用,N/A其他经络,不适用,
中药_1104,中药,麻黄,herb_csv,,温暖,膀胱经，肺经,微苦，辛,
中药_1105,中药,麻黄根,herb_csv,,甚至,肺经,甜，微涩,
中药_1106,中药,黄山药,herb_csv,,甚至,胃经，心经,苦，微辛,
中药_1107,中药,黄精,herb_csv,,甚至,肺经，脾经，肾经,甜,
中药_1108,中药,黄芪,herb_csv,,温和,肺经，脾经,甜,
中药_1109,中药,黄蜀葵花,herb_csv,,冷,膀胱经，肾经,甜,
中药_1110,中药,黑种草子,herb_csv,,温暖,N/A其他经络,甜，辛辣,
中药_1111,中药,黑芝麻,herb_csv,,甚至,大肠经络、肝经、肾经,甜,
中药_1112,中药,黑豆,herb_csv,,甚至,脾经，肾经,甜,
中药_1113,中药,龙眼肉,herb_csv,,温暖,心脾经络其他经络,甜,
中药_1114,中药,龙葵,herb_csv,,冷,膀胱经，肝经，肾经,苦，微甜,
香草味_1115,香草味,苦,derived,,,,,
香草味_1116,香草味,辛,derived,,,,,
草本属性_1117,草本属性,微冷,derived,,,,,
草本属性_1118,草本属性,冷,derived,,,,,
香草味_1119,香草味,甜,derived,,,,,
草本属性_1120,草本属性,甚至,derived,,,,,
香草味_1121,香草味,刺鼻,derived,,,,,
草本属性_1122,草本属性,热,derived,,,,,
草本属性_1123,草本属性,温暖,derived,,,,,
香草味_1124,香草味,平淡,derived,,,,,
香草味_1125,香草味,酸,derived,,,,,
草本属性_1126,草本属性,温和,derived,,,,,
香草味_1127,香草味,辛辣,derived,,,,,
草本属性_1128,草本属性,非常热,derived,,,,,
草本属性_1129,草本属性,凉,derived,,,,,
香草味_1130,香草味,咸,derived,,,,,
香草味_1131,香草味,微苦,derived,,,,,
香草味_1132,香草味,涩,derived,,,,,
香草味_1133,香草味,咸味,derived,,,,,
香草味_1134,香草味,微甜,derived,,,,,
香草味_1135,香草味,苦涩,derived,,,,,
香草味_1136,香草味,苦味,derived,,,,,
香草味_1137,香草味,涩味,derived,,,,,
香草味_1138,香草味,酸味,derived,,,,,
香草味_1139,香草味,微辛,derived,,,,,
草本属性_1140,草本属性,不适用,derived,,,,,
草本属性_1141,草本属性,大寒,derived,,,,,
香草味_1142,香草味,不适用,derived,,,,,
香草味_1143,香草味,微涩,derived,,,,,
